Year,Day of the Week,Filepath,Letter,Word,PredictionPairs
1978,THU,1978-07-13.json,0.2185792349726776,0.05405405405405406,"[('SASH', 'OTTT'), ('BUMP', 'EONS'), ('SOLO', 'NENO'), ('ARTE', 'GAAR'), ('EPEE', 'ERTE'), ('SABER', 'SORER'), ('AGER', 'RCPI'), ('ROAR', 'ROAR'), ('ATONE', 'AROOE'), ('ROMEOANDJULIET', 'EOEBEAEEESLMSN'), ('FIT', 'FIT'), ('USAR', 'OSAA'), ('MOROSE', 'TAELRD'), ('TRUDEAU', 'ATEDNAA'), ('ADORE', 'HEAVE'), ('PIERS', 'STEWS'), ('LTD', 'ENE'), ('LOAD', 'HOLE'), ('PARRY', 'ASKIN'), ('SOIE', 'SOIR'), ('MRS', 'ONO'), ('CURES', 'STEWS'), ('POOLE', 'ELIOT'), ('STROLLS', 'AYENNAA'), ('CAMPER', 'SDEHLE'), ('AGEE', 'SNNE'), ('ARE', 'ANN'), ('COMEDYOFERRORS', 'SETIDASHEAESES'), ('ARGON', 'ALRAN'), ('IRIS', 'ALOE'), ('STOP', 'NLCL'), ('BURNT', 'RAOTE'), ('NEVA', 'EAEE'), ('ETTU', 'HAHA'), ('ASEA', 'APSE'), ('GOER', 'ATSR'), ('TOED', 'ATOW'), ('SAAR', 'OGRE'), ('ARGO', 'TACO'), ('STEM', 'TAPE'), ('HEREFORD', 'TRIBFLVE'), ('BERATE', 'EERATD'), ('UPON', 'OROE'), ('MEAD', 'NTAE'), ('PERJURERS', 'SEREOTEIS'), ('SATIRE', 'NORMAN'), ('OBOE', 'EROS'), ('LENT', 'NEON'), ('ORE', 'ORE'), ('SALADS', 'SALADS'), ('OISE', 'EIRE'), ('USURY', 'SSEWN'), ('MALM', 'THHO'), ('ODORS', 'AEONA'), ('ROAST', 'EALOY'), ('TIRES', 'ATKWA'), ('ALOOP', 'AEOIH'), ('UTILE', 'ANIOL'), ('PARLEYING', 'SSEAEAAEA'), ('DEER', 'ERTE'), ('PULED', 'ATNND'), ('SOMERSET', 'SLENENHA'), ('COGENT', 'SNNINE'), ('PARR', 'EDNA'), ('RAMONA', 'ESTATE'), ('CAESAR', 'SAEEER'), ('CRUS', 'SLAP'), ('OGRE', 'EROS'), ('OREO', 'SLAT'), ('FIVE', 'HOES'), ('OTTO', 'SLAT'), ('ROTE', 'ECHO'), ('SPUD', 'SLAW'), ('ABA', 'ARA')]"
1990,THU,1990-04-19.json,0.2857142857142857,0.04054054054054054,"[('CAVES', 'ESTEA'), ('TBARS', 'STTTS'), ('CAP', 'TAE'), ('ABOVE', 'RLIRN'), ('REBUT', 'LEAVE'), ('ALA', 'ARA'), ('DECOLLETAGE', 'RATANSATIAL'), ('MAW', 'OAT'), ('STELLATE', 'SPISETTE'), ('ORSONS', 'YEASTS'), ('VET', 'EMT'), ('SITU', 'ASIA'), ('AMPERES', 'TESDEEY'), ('RELIFTS', 'RETROTY'), ('WOE', 'ILL'), ('SENSE', 'SHORT'), ('ELLEN', 'ELISE'), ('ORRS', 'ERIE'), ('NATAL', 'ESTAS'), ('LANE', 'ERNL'), ('LOSER', 'TATER'), ('PARES', 'TEATS'), ('GEE', 'LET'), ('SNIPERS', 'STEWERS'), ('SACHETS', 'STEELTS'), ('FAME', 'RUIN'), ('NIE', 'EIN'), ('GALLON', 'SAREAM'), ('PATERNAL', 'EIDORNAL'), ('ARA', 'LTA'), ('VAGABONDAGE', 'IOTATYATAXE'), ('PUG', 'EEL'), ('AMATI', 'STEVI'), ('CETES', 'EETIS'), ('ETE', 'TET'), ('LETHE', 'BLESS'), ('EROSE', 'EROSE'), ('CADS', 'ERRS'), ('ABET', 'SLAP'), ('VOCE', 'TITI'), ('EVOLVE', 'ERASED'), ('SELLERS', 'ANNEMES'), ('TRET', 'SLAT'), ('BETE', 'TETE'), ('ABA', 'TAI'), ('RUGOSE', 'TVAYAE'), ('STERILE', 'SELESTE'), ('CAMOUFLAGE', 'TAOSAOIRLL'), ('ALAN', 'ARAT'), ('PAWS', 'EATS'), ('LATEEN', 'STTEHE'), ('STILL', 'AIRLE'), ('AWOLS', 'TIETS'), ('MORON', 'ELRAT'), ('PERSIFLAGE', 'SLITERRALT'), ('SNAPS', 'YOSTS'), ('REARS', 'RTAAS'), ('TENET', 'TSNET'), ('SNEES', 'YELTS'), ('STA', 'RTE'), ('SEPAL', 'EEWUE'), ('LEANTO', 'STTEDY'), ('REMOVAL', 'REIAISB'), ('SCIENCE', 'SEIOAEE'), ('RENAME', 'RNMOTL'), ('HERDER', 'ENRTER'), ('GAPE', 'SLET'), ('ARUT', 'ATEE'), ('PATH', 'EAVS'), ('ABIE', 'ITIS'), ('NATO', 'NATO'), ('AGES', 'AXIS'), ('LESE', 'LESE'), ('GAT', 'TEE')]"
2005,TUE,2005-07-19.json,0.1891891891891892,0.02702702702702703,"[('FAST', 'REAN'), ('BITE', 'YASN'), ('DITCH', 'SYEEE'), ('LUKE', 'ORLE'), ('IDOL', 'EBLE'), ('ENOLA', 'TERXV'), ('ODIN', 'ATEN'), ('GLOM', 'ALAM'), ('FATAL', 'RSIAE'), ('WINSOMELOSESOME', 'RESAATYTOTEINMN'), ('IDA', 'ARI'), ('ONE', 'NET'), ('GOODCOPBADCOP', 'EEAERTEHETOAS'), ('BARNS', 'TALEA'), ('PAIRS', 'ARONS'), ('MAT', 'ETT'), ('IRAS', 'IRAS'), ('STIRS', 'TTNNS'), ('SAVE', 'USEE'), ('OTT', 'OTT'), ('SCENT', 'SEEEO'), ('ANNEX', 'STEED'), ('HESAIDSHESAID', 'AETANDSRTRTAD'), ('ARF', 'OLE'), ('FIG', 'OAT'), ('ONAGAINOFFAGAIN', 'IEEAATYRNKNNAEA'), ('MOTEL', 'ARENA'), ('ARLO', 'ALEC'), ('IRMA', 'ERLE'), ('NORSE', 'EILTE'), ('BAER', 'NEMO'), ('NEAT', 'EVIL'), ('IRATE', 'INERT'), ('SLAT', 'NEON'), ('GAME', 'OPAL'), ('FLOW', 'ROAR'), ('AUDI', 'ERTE'), ('SKIN', 'ALES'), ('TENSIONS', 'NENAAAES'), ('BIGMAC', 'YEATIR'), ('IDLE', 'ABLY'), ('TOOL', 'SLAT'), ('ELMO', 'NEMO'), ('DEFENDS', 'STREETS'), ('INASEC', 'YESITO'), ('TOTO', 'ERIN'), ('CLAM', 'EXAM'), ('HALE', 'EVEN'), ('ODDS', 'AREA'), ('SOARS', 'TNENS'), ('GARTH', 'EARTA'), ('ORATE', 'ELATE'), ('OPTED', 'TATED'), ('PAINS', 'ERNES'), ('BIRTH', 'HONOR'), ('OMANI', 'AESEA'), ('PAVED', 'STEED'), ('BIO', 'TIO'), ('TEX', 'TED'), ('SCIFI', 'TENET'), ('SNAGGING', 'UTTTNEEO'), ('SARALEE', 'SALAAET'), ('ASIA', 'SRAN'), ('SAGEST', 'TOANTR'), ('EFFORT', 'TOKCON'), ('OMNI', 'IAEI'), ('NOOR', 'ERIN'), ('ATRA', 'EELE'), ('NABS', 'YANN'), ('ORAL', 'RLEE'), ('FLEA', 'NEMO'), ('AREA', 'ARVP'), ('IMAM', 'ELIA'), ('NATE', 'AELL')]"
1984,THU,1984-05-10.json,0.19786096256684493,0.0,"[('BARD', 'OGRE'), ('SPRAT', 'YEAST'), ('MOSS', 'SAAA'), ('OLIO', 'LOBE'), ('ERASE', 'EMOTE'), ('EMIT', 'NLBL'), ('LANG', 'EMIL'), ('POSIT', 'ANTIM'), ('TARO', 'AOAI'), ('LIGHTASAFEATHER', 'OAETAASABOEPHTB'), ('ONLY', 'SSLE'), ('BLANK', 'LUAEI'), ('ABOUT', 'SATOH'), ('ASONE', 'HSOIP'), ('LUGS', 'LOES'), ('EUCHRE', 'OOALNT'), ('PEP', 'YEA'), ('FREEASTHEBREEZE', 'OADAALRTOEEAERB'), ('ALE', 'ERR'), ('STEEDS', 'NGEEPS'), ('MARE', 'ALOE'), ('CHESS', 'TEASE'), ('APLAN', 'SELST'), ('ASOLO', 'ALOHA'), ('AGRO', 'STEP'), ('GONEWITHTHEWIND', 'ANNERIOETEAEEEY'), ('ANTA', 'AXUE'), ('SHOLE', 'STEEL'), ('EVER', 'ELSA'), ('RYAN', 'ELSA'), ('NOLAN', 'IIDET'), ('RARE', 'SLAW'), ('DAPS', 'ALES'), ('TRYST', 'TEASE'), ('SNOW', 'SLIT'), ('BOLL', 'OLEO'), ('ALAI', 'GOMA'), ('RING', 'RBIE'), ('DOGHOUSE', 'EELTSOSA'), ('SEPAL', 'YEAAL'), ('PROSY', 'EMNSE'), ('RASA', 'AOTA'), ('ASIF', 'STIB'), ('TETE', 'TEMO'), ('METTLE', 'SNAPUP'), ('OMAHA', 'ALOHA'), ('SIREN', 'ABATE'), ('STORK', 'ALIBI'), ('TNT', 'ASH'), ('ABNER', 'ELITE'), ('ALFA', 'SLOE'), ('BURL', 'AOAR'), ('OGEE', 'TEDR'), ('ACHES', 'HATEE'), ('SHED', 'SLOP'), ('ORBS', 'ONES'), ('ESTE', 'OLGA'), ('UTES', 'ORES'), ('PEAL', 'YELL'), ('EZRA', 'EROS'), ('PEEN', 'ABET'), ('ASHOW', 'ANEAR'), ('EMPOWERS', 'AAEPEESS'), ('CLEANS', 'THEEAS'), ('ARE', 'SEA'), ('AGARD', 'AAAEA'), ('SONYA', 'LNXLL'), ('ONTAP', 'ONUSE'), ('ATLAS', 'STEES'), ('GHENT', 'TELTE'), ('ISNT', 'ISIT'), ('THOR', 'OTIE'), ('HOLY', 'EEDA'), ('IVAN', 'ELLL'), ('NERO', 'ESAI'), ('DREW', 'YAWT')]"
2004,SAT,2004-04-17.json,0.17435897435897435,0.02857142857142857,"[('DISBAR', 'EXCUSE'), ('SEMIRARE', 'TEEIREEO'), ('ENTERO', 'LCONOL'), ('ELICITED', 'EDUCEDIN'), ('BLANCS', 'ESSAYE'), ('NINEFOLD', 'XLEENERO'), ('BUTTHATSJUSTME', 'NESPSVRAYESDYE'), ('ICU', 'ICU'), ('INHEAT', 'TEASED'), ('IAM', 'YEN'), ('EKE', 'EAT'), ('MNO', 'NNT'), ('HIE', 'RIG'), ('ZSA', 'EVA'), ('WEARY', 'RAOEH'), ('AXSEED', 'ARYBIC'), ('SKIED', 'SKIAD'), ('NEO', 'RAH'), ('TERSE', 'RATED'), ('PULSES', 'STEERS'), ('SHARE', 'HEAAP'), ('URL', 'ETA'), ('SID', 'TED'), ('WPA', 'STA'), ('MIS', 'BAD'), ('DOH', 'OHO'), ('EUROPE', 'ESTATE'), ('ENT', 'EAR'), ('SUPERBOWLXXXVI', 'YESYEYESEYESEY'), ('NAMEDROP', 'ATTESTUP'), ('ATRIAL', 'HEARTY'), ('TWOPHASE', 'SNESIDED'), ('URACIL', 'RNARNA'), ('HARASSED', 'STRAPTED'), ('DAYONE', 'ONSETT'), ('DEBBIE', 'ELENIE'), ('INLUCK', 'XCSECA'), ('STATUE', 'COSSUT'), ('BENT', 'UNAP'), ('ARCHIMEDES', 'SOYSTNADRT'), ('ROSANNA', 'ELEVENO'), ('SENSE', 'TEXAS'), ('ELIJAH', 'EDLYER'), ('MINUTIA', 'EUEEDIA'), ('ICES', 'ICES'), ('RIFT', 'REND'), ('ATOMIZER', 'EDEYYEBT'), ('RELEASES', 'EIREEVIE'), ('EDD', 'ONO'), ('THORN', 'RATER'), ('MADE', 'NACD'), ('EXTRAEXTRA', 'GRRAAEYENN'), ('WES', 'RAE'), ('YES', 'HAH'), ('SEE', 'YAP'), ('SPUD', 'SSEO'), ('KUROSAWA', 'KTTHYTNT'), ('ILLHUMOR', 'IEAOETER'), ('OHWOW', 'HESAS'), ('SIERRAS', 'SEEETDT'), ('APPLAUD', 'ATTEHRO'), ('DUBOSE', 'DSYUEE'), ('MEXICO', 'BESRRE'), ('INVAIN', 'AAETNT'), ('STILLE', 'DRYYAT'), ('ROPED', 'TEPDD'), ('PEPA', 'SESA'), ('EDHS', 'YSIP'), ('XRAY', 'EAAS'), ('NTH', 'ASS')]"
2010,FRI,2010-07-02.json,0.09693877551020408,0.027777777777777776,"[('HALL', 'HOLY'), ('AMEBA', 'OOIHE'), ('TMAN', 'EXIT'), ('AMOI', 'ALEX'), ('PEARL', 'RLTER'), ('SINO', 'ASIA'), ('HAWAIIANISLANDS', 'HOANSEEEATRTAOP'), ('ATHIRST', 'AERIUOO'), ('DOORDIE', 'RESIGNE'), ('ASK', 'FEE'), ('TAG', 'NET'), ('DIY', 'REV'), ('ISNO', 'ITIS'), ('SHIED', 'YOEHH'), ('NOAH', 'ANTE'), ('MIGNONETTESAUCE', 'EAETOENLEOAEANX'), ('ARI', 'NIA'), ('YER', 'NSE'), ('OLE', 'AUR'), ('RNA', 'RNA'), ('GENTLEMANFARMER', 'EARAOEOTRSMOAIM'), ('EDGE', 'SKIN'), ('ROBOT', 'SNETE'), ('EADS', 'OTIS'), ('FAR', 'HID'), ('MEW', 'RAH'), ('INN', 'AVE'), ('MORTISE', 'LEEMEAN'), ('HAVANAS', 'SERIFIE'), ('SPUROFTHEMOMENT', 'IXAINCEYUMISASN'), ('ERIE', 'VIRN'), ('PEARY', 'IOESI'), ('ERNE', 'TEES'), ('CYTE', 'ETTE'), ('DRIES', 'AASEL'), ('DSOS', 'TEES'), ('HAHA', 'HAHA'), ('AMAT', 'OLOE'), ('LOWHANGINGFRUIT', 'LEARFIEARIHEART'), ('LIAISON', 'YXNIEST'), ('APIS', 'OREO'), ('MEATTHERMOMETER', 'OLEONONEONRNEOA'), ('EAN', 'ITE'), ('BRIDGETONOWHERE', 'HEARTHEARTHSUSE'), ('ALSO', 'ERTE'), ('TSARINA', 'EATIEAE'), ('MINDYOURMANNERS', 'XSAGVNARATEFAEE'), ('ANDI', 'IION'), ('NOSE', 'TAPE'), ('IRK', 'SUE'), ('LOD', 'RSR'), ('AIT', 'EEL'), ('IMAGE', 'IENES'), ('SIRED', 'TAIAK'), ('SNEER', 'YESES'), ('DELFT', 'HOUSE'), ('ACNED', 'TNNII'), ('HEARS', 'EXAMS'), ('OYL', 'ONO'), ('SEA', 'ARM'), ('TEATREE', 'ANIMINE'), ('ABE', 'TEA'), ('RENAMED', 'OOVISTT'), ('RIO', 'DEN'), ('IVO', 'ARI'), ('MSEC', 'LIVE'), ('OPRY', 'EXIT'), ('SFPD', 'ACIA'), ('AMYS', 'EMIL'), ('ANNO', 'ISEE'), ('STES', 'ENSS'), ('HAI', 'YES')]"
1996,MON,1996-11-11.json,0.164021164021164,0.02564102564102564,"[('SCOW', 'TEAG'), ('ILSA', 'ESAI'), ('CHITS', 'NASES'), ('ARLO', 'ANNE'), ('LOAD', 'GEDC'), ('RICHE', 'ENTRN'), ('WEEWILLIEWINKIE', 'PONEAAAEEEOTEAO'), ('NEG', 'ETA'), ('GILD', 'ANON'), ('ATTEND', 'LNEVSR'), ('WANE', 'EASE'), ('ARI', 'LEI'), ('SKY', 'EEE'), ('VENIVIDIVICI', 'ATILAAAERCEA'), ('EXILE', 'CARET'), ('DON', 'LIT'), ('NYET', 'NEEW'), ('TALL', 'ESAN'), ('THING', 'TEASE'), ('FOTO', 'EWTE'), ('SMEE', 'SKNA'), ('OOO', 'TAT'), ('MAGOO', 'ELTON'), ('MAKEMINEMINK', 'EEYTENYSYRNT'), ('WED', 'NEA'), ('LIS', 'LES'), ('GORY', 'EVIL'), ('ANIMAL', 'ERNETS'), ('INRE', 'ENRE'), ('BUS', 'RET'), ('LOVESLABORSLOST', 'IITCAAUWLESTUXE'), ('SLEEK', 'LCEHT'), ('PERI', 'SEAB'), ('IDEA', 'ELEA'), ('HASTA', 'AASOE'), ('EXES', 'EXES'), ('DERN', 'EECL'), ('SAWN', 'TAPE'), ('CREE', 'ENOT'), ('OLEG', 'ANNA'), ('WOW', 'GEE'), ('ILLINI', 'EGANSA'), ('LOLLED', 'SEAOEA'), ('SAID', 'ADEN'), ('ADE', 'ICE'), ('CRITIC', 'NEONIE'), ('HINT', 'ANTE'), ('ICKES', 'STEVE'), ('THINK', 'ERASE'), ('SEEDY', 'SNORE'), ('IGAVE', 'AAAAT'), ('WARING', 'ELECTE'), ('WILLEM', 'ELENAE'), ('AVON', 'LRIS'), ('VETS', 'ACES'), ('EXAM', 'TASK'), ('NILE', 'IRAN'), ('IDIOM', 'ELATE'), ('INFAMY', 'ANELYL'), ('YOGI', 'EWTR'), ('ETON', 'ETON'), ('TOOK', 'WENT'), ('TOKILL', 'TTYESA'), ('HOES', 'EATS'), ('MERES', 'ESIES'), ('ALASKA', 'ELTATE'), ('IGNORE', 'NENLAE'), ('NORRIS', 'YVREBS'), ('WALSH', 'NEILA'), ('ENOLA', 'ERICA'), ('DIVES', 'ANTES'), ('MEET', 'ECHO'), ('IBEX', 'EWEX'), ('BODE', 'RULE'), ('USER', 'EXEC'), ('STAN', 'TEAL'), ('APE', 'USE'), ('LID', 'TEE')]"
1978,FRI,1978-11-24.json,0.18848167539267016,0.02702702702702703,"[('WASP', 'SLOE'), ('SCALP', 'SASAE'), ('APED', 'SEEN'), ('AGEE', 'ERIC'), ('TABOR', 'SNARE'), ('GAGA', 'TARE'), ('ROTA', 'LOAD'), ('ENATE', 'ELDER'), ('UREY', 'EMIL'), ('ORACLES', 'ARABENS'), ('SPEARS', 'HTEONS'), ('FATHEROFDEISM', 'PERSDNELTHENG'), ('INS', 'ITS'), ('LONGTOMS', 'AAAAEAST'), ('LOPEZ', 'ELENA'), ('BUNTS', 'HATES'), ('UEA', 'OBI'), ('ARAR', 'ELBA'), ('MATES', 'ANNES'), ('GNAT', 'SLIT'), ('IER', 'EER'), ('WASTE', 'ABUSR'), ('MOTTO', 'MESEO'), ('CLAVICLE', 'STRENEEE'), ('OAR', 'OAR'), ('MOTHEROFDIETS', 'TLOERAAADAEIE'), ('ORELSE', 'OEHENE'), ('STELLAE', 'NAEAMMS'), ('SODA', 'RREC'), ('TORAH', 'YOTIO'), ('LOCI', 'AVES'), ('AMIR', 'EIAT'), ('ELOGE', 'TDESE'), ('APIN', 'ONME'), ('RACE', 'SERE'), ('SETEE', 'SEEEL'), ('SETE', 'ERIE'), ('WAROF', 'SELAP'), ('AGORA', 'LRORE'), ('SETAT', 'OIAAR'), ('PEACHIER', 'ECDBSINA'), ('STEERS', 'SSENNS'), ('CANSO', 'ANLSE'), ('ABA', 'SAD'), ('LOT', 'ARE'), ('PRESENTS', 'EERHHAES'), ('AGUEST', 'STEENE'), ('PARAMOUNT', 'EAMOGAOLS'), ('EGER', 'ERIN'), ('DAYS', 'NELS'), ('LENZ', 'EDTA'), ('PIGS', 'TEAS'), ('FLUTTER', 'LAANSEA'), ('DONEE', 'TATER'), ('MEAT', 'SBIE'), ('SATO', 'TITO'), ('LAIC', 'EEES'), ('OREL', 'LLET'), ('PARAMEDIC', 'EBRRTHEAR'), ('BASLE', 'HNUER'), ('MACHETES', 'ABEEEYTS'), ('GORILLAS', 'SERAAAOE'), ('WITS', 'ANON'), ('MADE', 'MADE'), ('VOLARE', 'ELECTE'), ('OFTHEE', 'OAAOEL'), ('OSAGE', 'ANISE'), ('ELOPE', 'EMVNR'), ('TACIT', 'IMEMI'), ('SEINE', 'ESSEE'), ('OSAR', 'ORES'), ('ROMA', 'ERIE'), ('OLE', 'ODE'), ('ROT', 'TEE')]"
1976,FRI,1976-09-17.json,0.18716577540106952,0.039473684210526314,"[('ATLAS', 'OESAA'), ('PSTS', 'EOAE'), ('ADV', 'ESD'), ('BOOST', 'NDTSS'), ('ACRE', 'RDXS'), ('AROA', 'ADTA'), ('LOCKERROOMBRAWL', 'TIRKSRAILLARSEN'), ('ELK', 'OTE'), ('NASTY', 'IOSNE'), ('ANDES', 'NAEEC'), ('SMOTE', 'EOSTE'), ('ORIOLE', 'LNBLLE'), ('TATAS', 'HOTAT'), ('MARTS', 'STEAS'), ('ENOS', 'INST'), ('AIMTO', 'ETATN'), ('ITE', 'YAA'), ('LOCHNESSMONSTER', 'BCISEOLOPSETENG'), ('INK', 'IEN'), ('ERATO', 'ALILE'), ('ISLA', 'ESTE'), ('PASSY', 'ESDSE'), ('CAPES', 'EAYIS'), ('POPART', 'EATRIE'), ('AGAMA', 'STSIE'), ('AMORE', 'LMEAE'), ('RANON', 'RETAT'), ('RDO', 'SET'), ('UNDERLOCKANDKEY', 'IONSRLUREOAMELE'), ('LIES', 'ZROE'), ('ESEL', 'EINE'), ('OBESE', 'TBSAR'), ('AAR', 'AAR'), ('TYRE', 'TNEL'), ('NADIR', 'EAYNM'), ('ABLE', 'ONTO'), ('TOOL', 'EDIT'), ('LOCKSTOCK', 'STREETSIN'), ('ASK', 'ASK'), ('STENOS', 'ASSIST'), ('PARSE', 'ERASE'), ('SCOT', 'ODIN'), ('TROY', 'AXLE'), ('SEM', 'ESL'), ('ARADO', 'EDSEL'), ('DOWEL', 'STEEL'), ('VALSE', 'DANCE'), ('ARNIS', 'ARABS'), ('RAT', 'ROT'), ('BARTON', 'ANNANE'), ('MASH', 'OATS'), ('ORTO', 'LETS'), ('TELI', 'HIBI'), ('ANON', 'ONCE'), ('MISTY', 'STOLE'), ('AMMO', 'TAPE'), ('ASAS', 'ELIS'), ('ITSPARKED', 'YESYESESY'), ('TELE', 'ANTI'), ('ERAS', 'AGES'), ('NEARER', 'EASIER'), ('ERST', 'OLDE'), ('SIAM', 'TEAI'), ('PARES', 'ERASE'), ('CANNON', 'ESTATE'), ('PAULA', 'ELIZA'), ('OMNIA', 'AMORA'), ('PODER', 'TENOR'), ('ANKLE', 'STEEL'), ('GOA', 'TAO'), ('ROSY', 'RUIN'), ('ACER', 'ERNE'), ('DESI', 'ELAN'), ('OYER', 'TERM'), ('LET', 'LET'), ('DBA', 'MBA')]"
1990,FRI,1990-05-11.json,0.20512820512820512,0.0,"[('MUSEUMS', 'EHAEIIT'), ('CLEARER', 'ETEEARR'), ('ANAGRAM', 'VOALNRR'), ('RIVIERE', 'LEVLRAE'), ('TANGERE', 'ENEIEEA'), ('EMERGES', 'ENESENS'), ('TIRE', 'NOIT'), ('LATER', 'INCES'), ('IMA', 'LES'), ('EDER', 'ERTE'), ('STRAY', 'SLETT'), ('COIL', 'SLOE'), ('DEM', 'SEN'), ('STEIN', 'STEER'), ('PONTE', 'ELENA'), ('DOCTORS', 'DLECERO'), ('TENSES', 'HEARTS'), ('HAMSTRING', 'LNASAAORO'), ('DAHLIA', 'YEIIAL'), ('OATCAKE', 'ATNMNRT'), ('ODEON', 'ARESO'), ('STILE', 'SHTOS'), ('EXE', 'EEA'), ('WERE', 'ABLE'), ('BELLE', 'ELDER'), ('SEAM', 'TSRR'), ('ALA', 'SOS'), ('TUNER', 'TXNAN'), ('ELLE', 'ERMA'), ('GILDERS', 'TTEAEES'), ('OPERATE', 'DFINAIB'), ('ENDORSE', 'EOARARE'), ('ARMIGER', 'OOOEUNE'), ('RESENTS', 'RESISTS'), ('DOFFERS', 'NRNTRES'), ('MATTED', 'EVENES'), ('UNAIDED', 'HONORED'), ('SANREMO', 'AAEITNL'), ('EGGER', 'ELITE'), ('URE', 'INE'), ('MAR', 'IRE'), ('SMELTERS', 'TRAILERS'), ('CRETAN', 'ELECTR'), ('LIMEY', 'TENET'), ('EVER', 'EVES'), ('AIR', 'ELS'), ('REGIONS', 'ARELLER'), ('EREMITE', 'RANEONT'), ('RESALES', 'RESSEAS'), ('ARISTOTLE', 'NEEOAAHDA'), ('STOMA', 'STEAL'), ('CONGA', 'SLAON'), ('STAIN', 'SCNAO'), ('PENCE', 'EERMS'), ('CHLOE', 'ELISE'), ('TITLE', 'HONOR'), ('RAILROAD', 'ATTENDON'), ('DOWAGER', 'YAASTER'), ('ADELINE', 'ERBOTOE'), ('HERALDS', 'IELSEAS'), ('KEELAGE', 'RESRAUR'), ('EXALTER', 'TERMINE'), ('SENSES', 'SLNSES'), ('EMEERS', 'ARABES'), ('BURST', 'EXERT'), ('SERIF', 'TENET'), ('TERN', 'TEAS'), ('DOE', 'ARI'), ('PRO', 'FOR'), ('EMF', 'ION')]"
1985,THU,1985-03-21.json,0.17989417989417988,0.025,"[('ASST', 'ESRS'), ('BLIPS', 'EEHES'), ('BROW', 'ODOR'), ('SLAW', 'RLET'), ('EATIT', 'LDANT'), ('ROTA', 'ETON'), ('PIGEONHOLE', 'GAEROIIITE'), ('OLOR', 'EYRE'), ('SPEEDER', 'SPDEROE'), ('ORIOLES', 'EEONERS'), ('TET', 'AET'), ('STEAD', 'SRRTA'), ('SATES', 'EIAMS'), ('RES', 'RES'), ('SEPAL', 'STEEL'), ('PURR', 'XMEY'), ('VIA', 'EVE'), ('PIRATE', 'SEEOUT'), ('IDO', 'IAN'), ('TOPPLES', 'BLUESUP'), ('TOW', 'ADS'), ('EILEEN', 'SGENAI'), ('IAN', 'ITE'), ('AONE', 'EVEN'), ('SOLAR', 'TEASE'), ('EEG', 'EEG'), ('AGNES', 'ALIAS'), ('GRANS', 'TEENS'), ('FLA', 'ARA'), ('MALLARD', 'TLTEPLD'), ('SEANCES', 'ETEEAMO'), ('ALOE', 'ARAL'), ('TURTLEDOVE', 'IEEAESEAAR'), ('SLIT', 'CXPL'), ('URIEL', 'ASSSW'), ('EPEE', 'ODDS'), ('HENS', 'ONES'), ('REAMS', 'STEES'), ('RYND', 'TEAL'), ('ASPS', 'ERGS'), ('SLIP', 'SLAP'), ('SAGE', 'REED'), ('TWEETER', 'STREAMY'), ('BENET', 'ELIOT'), ('LAHR', 'EDIE'), ('ITO', 'HAI'), ('PILOTS', 'ENTERS'), ('STERE', 'STEER'), ('BROODER', 'OEENATE'), ('ROLL', 'DTYE'), ('OTOE', 'OORR'), ('WARS', 'RNES'), ('ODES', 'ORES'), ('IASIS', 'OTSEP'), ('SEAPIES', 'SEEEIES'), ('SPIES', 'EXIST'), ('AUDIO', 'IMAGE'), ('TROLL', 'AENEA'), ('RIP', 'RVU'), ('PATON', 'EOAVI'), ('ATONE', 'EUDEA'), ('LEWES', 'LTSNS'), ('VON', 'ELI'), ('PEN', 'SUE'), ('TERRA', 'BAEEP'), ('LAG', 'STG'), ('EAGLETS', 'NSTELLS'), ('AGANDER', 'ELAEEOT'), ('ENDURE', 'ENDEST'), ('ALAE', 'ARES'), ('ARTUR', 'ELIAS'), ('FELLS', 'ATEWS'), ('MASH', 'TACO'), ('ALLE', 'LRXN'), ('LOIN', 'TAPE'), ('STEM', 'EASE'), ('COPY', 'AADE'), ('EVEN', 'MADA'), ('SEED', 'ORSL'), ('RIA', 'ESE')]"
1984,TUE,1984-04-24.json,0.13227513227513227,0.013157894736842105,"[('WADE', 'SLAG'), ('INFO', 'SLOP'), ('BOGGS', 'STEVE'), ('ABED', 'ABLD'), ('MOON', 'TOPT'), ('OBEAH', 'ARABE'), ('ABUG', 'ONIT'), ('PORT', 'AREA'), ('SLAVE', 'ACTUP'), ('CASEMENT', 'AAASCWAC'), ('STARED', 'RROSED'), ('DUDE', 'EYER'), ('SOOT', 'RUIN'), ('ASHORE', 'AWATER'), ('TURNEDUP', 'ERLAATYH'), ('CHAUD', 'SANTA'), ('RUDER', 'ELIER'), ('ENE', 'ENE'), ('HARTE', 'ANNIE'), ('ODA', 'SPA'), ('EDUCE', 'EXACT'), ('ERE', 'LES'), ('RAMON', 'ALIAS'), ('DECAL', 'TASTE'), ('DISSEVER', 'TRIBLEUP'), ('ASSESS', 'TASEOS'), ('TRIO', 'EWER'), ('CROP', 'TEAP'), ('OBSESS', 'ATTAIN'), ('PROXIMAL', 'LEAREOOY'), ('TAPER', 'NEONS'), ('TEEM', 'IING'), ('SAGE', 'GLNE'), ('ITALO', 'ALIEN'), ('ASEA', 'CMEE'), ('ERIE', 'EDEN'), ('CAREW', 'ELITE'), ('NODS', 'EATS'), ('RUNS', 'EXAM'), ('WAAC', 'SAOA'), ('ABBA', 'LBNA'), ('DEUS', 'ALIA'), ('EDGEDOUT', 'GDTSETTI'), ('IMPEDE', 'STAWER'), ('NOONE', 'LORAR'), ('FORT', 'OPEC'), ('ONT', 'PTA'), ('BOSTONREDSOX', 'SAARIARETAAR'), ('OBLATE', 'TRCONA'), ('GEAR', 'EATS'), ('GAVE', 'VBUE'), ('SHED', 'EEPD'), ('MURDERERSROW', 'CYEAEALWISNE'), ('SORE', 'RULE'), ('SUDAN', 'RRIAS'), ('ACHED', 'ASALT'), ('SHARI', 'WANER'), ('HARES', 'ANNSI'), ('TUDOR', 'ELPAP'), ('DEUCE', 'TEASE'), ('UNCAS', 'YNCTO'), ('PEELS', 'HETES'), ('ROMEO', 'ESIUR'), ('DESPISER', 'XASPEGEE'), ('AVIS', 'LEEN'), ('STEELE', 'BEANET'), ('AROMAS', 'TEAGES'), ('CREED', 'TENET'), ('OTIC', 'ANAE'), ('BATA', 'TELL'), ('SPAR', 'TOII'), ('PESO', 'LIMA'), ('MARU', 'OLDX'), ('AGIN', 'ONEA'), ('LEES', 'YENM'), ('TAN', 'ICE')]"
1976,FRI,1976-01-23.json,0.21164021164021163,0.039473684210526314,"[('RODE', 'HRRE'), ('PSHAW', 'TEAEA'), ('MOAB', 'ARAL'), ('AVID', 'AOAD'), ('ITALY', 'ENRLL'), ('EVIL', 'EARE'), ('HAVINGAGOODTIME', 'HOGIRETTEPEATOT'), ('SLATE', 'AMATA'), ('RIN', 'REN'), ('ERNES', 'NSESS'), ('AREAS', 'RAESA'), ('FEEDS', 'DEDEX'), ('SHUNTED', 'HHOTESE'), ('OSE', 'ESE'), ('EASE', 'OANE'), ('GAP', 'SEA'), ('ARISEN', 'TRGAEE'), ('THEWEATHERSFINE', 'LHEASEDMAESLNRA'), ('TARSAL', 'EAALTR'), ('INT', 'OTE'), ('FROW', 'ENOS'), ('TEA', 'ETE'), ('GRAYEST', 'SNEEEST'), ('TASTE', 'ASAVW'), ('SPIEL', 'STEER'), ('OSIER', 'ELITE'), ('SEN', 'TAI'), ('ACRID', 'GATRA'), ('WISHYOUWEREHERE', 'OEGRREENRESEAUR'), ('IDAE', 'ESTE'), ('PREEN', 'VXERT'), ('ANON', 'ECIE'), ('TELE', 'EONO'), ('SEERS', 'ANTES'), ('TONS', 'TONS'), ('RAHS', 'HAHA'), ('OVAL', 'ROOM'), ('DIVA', 'RAGA'), ('EDIT', 'EDIT'), ('PIG', 'TEE'), ('STAREDAT', 'ENTREEED'), ('HAGIA', 'ARTES'), ('ALONSO', 'ELENAE'), ('WYO', 'ALP'), ('METRE', 'AEASE'), ('OVINE', 'RATED'), ('AIMED', 'AROSE'), ('BLESS', 'LETSX'), ('NEAT', 'RARE'), ('DEFERS', 'ENDERS'), ('REGALE', 'ASSERT'), ('SETT', 'HOLE'), ('HAHA', 'HAHA'), ('USER', 'ONEA'), ('NEWS', 'TEAL'), ('SARTRE', 'STEENE'), ('PHI', 'AMO'), ('IFFY', 'GLEE'), ('SIRE', 'ANNE'), ('ENOS', 'EROS'), ('NEWT', 'EAST'), ('EATERY', 'STEWER'), ('ENGINEER', 'ATSEIRRE'), ('ASSURE', 'ESTEXN'), ('ALAE', 'ERGS'), ('TOWIT', 'AEOEE'), ('ASIDE', 'SLESO'), ('SISAL', 'AIGTN'), ('TEHEE', 'VTREO'), ('PEWEE', 'TANET'), ('CHAT', 'AEET'), ('RENO', 'TACO'), ('IRON', 'RUIN'), ('DENS', 'ARES'), ('OPS', 'EVA'), ('RNS', 'ETS')]"
2010,MON,2010-12-20.json,0.15873015873015872,0.02631578947368421,"[('LEAP', 'SLIP'), ('MCCOO', 'ELTON'), ('REST', 'HODT'), ('OSLO', 'OLAF'), ('ARAIL', 'ANEIR'), ('OTTO', 'RNRR'), ('CATSCRADLE', 'STREETBALL'), ('THAI', 'ASIA'), ('HUSTLING', 'LAREVTES'), ('QUILL', 'DTAVI'), ('MONKEYSUNCLE', 'LIEDESEIALET'), ('MRHANEY', 'CEEELNE'), ('ATAD', 'ALSO'), ('BEENE', 'ELLIE'), ('ADA', 'ESI'), ('AFAR', 'ASEA'), ('AMA', 'OSH'), ('DOGSAGE', 'DALMOAS'), ('ACE', 'EAR'), ('SOLO', 'SAIS'), ('ZAP', 'NEU'), ('ZAIRE', 'LTLVE'), ('SEMI', 'TNNS'), ('UMPIRED', 'USEAEEA'), ('ELEPHANTSEAR', 'AAEEOESDNLEX'), ('PEARS', 'ERLWS'), ('REASSIGN', 'EIEPINAA'), ('SORE', 'EASE'), ('LIONSSHARE', 'TISTEECEHN'), ('ONLY', 'OBER'), ('ARIEL', 'ARSED'), ('OGOD', 'AMEN'), ('MESS', 'SYSS'), ('PASTY', 'RAEDY'), ('WOWS', 'NOMS'), ('LOCH', 'SOSL'), ('ESAU', 'LLTA'), ('ALTS', 'IARR'), ('POSTMAN', 'PFEELEI'), ('MARINE', 'EATTEN'), ('CRANKY', 'LNBEDE'), ('CADGE', 'TEASE'), ('OIL', 'OIL'), ('OLE', 'NRL'), ('ROTUNDA', 'HRATAOA'), ('ETHIC', 'ONSAL'), ('STALL', 'DRIVE'), ('TOILE', 'TRAIT'), ('CLONED', 'EVILED'), ('QUA', 'DIS'), ('YADA', 'SASO'), ('STAG', 'ELIA'), ('MBAS', 'CEOS'), ('REMO', 'ELSA'), ('HEAL', 'ELHI'), ('ASP', 'EMU'), ('FAIR', 'SELE'), ('ACRE', 'EAVE'), ('REED', 'AREA'), ('OZMA', 'ANNE'), ('GAIN', 'LESS'), ('EZPASS', 'SLEEPE'), ('OSPREYS', 'STEWERS'), ('AIRSHOW', 'TAXICAN'), ('EHS', 'NOS'), ('USENET', 'UNITED'), ('MEASLY', 'SLEEDY'), ('EPSOM', 'AEEOS'), ('LEONE', 'ARABY'), ('EARLS', 'ELSES'), ('TROIS', 'DESSE'), ('IAGO', 'NEMO'), ('GROW', 'AHEM'), ('NEDS', 'ANNS'), ('LAP', 'TAR'), ('IRA', 'IRA')]"
1978,TUE,1978-06-27.json,0.14893617021276595,0.05128205128205128,"[('ARCADE', 'AARBAR'), ('SOLO', 'AIRY'), ('GWU', 'STA'), ('GAUGED', 'GDACDE'), ('CHAP', 'HORN'), ('RAN', 'LIT'), ('OFFING', 'OSARSA'), ('HOMEWARD', 'ANOTHERX'), ('FLEECE', 'HEARTS'), ('BRANDO', 'ALIANA'), ('BLEB', 'SLOP'), ('AMO', 'OPA'), ('ARDEN', 'ERICA'), ('ALI', 'ALI'), ('PRESS', 'PRESS'), ('DENE', 'AREA'), ('SONATA', 'ROAORL'), ('DITTO', 'ASIDE'), ('AWKWARD', 'IPANEED'), ('PREFECT', 'OFFICER'), ('APTER', 'TDEAR'), ('UNFAIR', 'EVENED'), ('CHER', 'TAAH'), ('YEAST', 'TASTE'), ('STY', 'PEN'), ('RENDS', 'INAEO'), ('MIL', 'TEE'), ('SITE', 'AREA'), ('OCTETS', 'EIAENR'), ('MOSCOW', 'AEARIA'), ('WARDROBE', 'DTADEALA'), ('HOWARD', 'STEMRH'), ('ETA', 'TAO'), ('IRAN', 'AREN'), ('APARTE', 'ESTATE'), ('DEP', 'OSS'), ('PENT', 'LETN'), ('MENDER', 'AYNNER'), ('AGO', 'AGO'), ('RAF', 'ADS'), ('CUFFLINK', 'RAAHLIAA'), ('AGILE', 'BCREO'), ('DENEB', 'ADSAP'), ('EDGE', 'REAR'), ('SCHEMED', 'AHASPEA'), ('OHO', 'ION'), ('LAMB', 'RROA'), ('OPERA', 'YNTLE'), ('GRANDE', 'SLEAIR'), ('WARDEN', 'TIRNCE'), ('UNDONE', 'ATXAAA'), ('WARDOFF', 'HIRAEIE'), ('CAR', 'TOR'), ('BLOW', 'SLOP'), ('OSIP', 'ASSO'), ('ASA', 'ARI'), ('PARTY', 'PLEET'), ('STRUT', 'SIFEE'), ('AWARDED', 'ONTHEED'), ('TAP', 'RED'), ('TEN', 'DFV'), ('DEEM', 'DAAT'), ('EASTWARD', 'CNPEAMAN'), ('CITE', 'EEEA'), ('TRY', 'RDN'), ('RAIMENT', 'RSEAANN'), ('CROWED', 'TIEDTO'), ('HECATE', 'ANITAS'), ('ENTRAP', 'AAAAOS'), ('SLO', 'TEE'), ('STRIP', 'ONEAL'), ('SCOPE', 'ARTSY'), ('IOWAN', 'RIETN'), ('SORE', 'RARE'), ('SHAM', 'ASEA'), ('BAN', 'LET'), ('RTE', 'RTE'), ('DER', 'HER')]"
1984,FRI,1984-01-27.json,0.21465968586387435,0.04054054054054054,"[('COWER', 'TENET'), ('USES', 'ERRS'), ('ULES', 'RNEE'), ('OVINE', 'SNARE'), ('PAGO', 'EUIA'), ('NOTE', 'EENR'), ('MELTS', 'TEAMS'), ('PRONGHORN', 'XDAESSISI'), ('ORDAINED', 'AESASAAE'), ('ARISES', 'CTELEE'), ('EIDER', 'STENO'), ('ETON', 'ETON'), ('GABLER', 'ELEVEN'), ('FRAUGHT', 'TARCTAT'), ('IRE', 'EAT'), ('SOBER', 'TENET'), ('PEARS', 'TEAMS'), ('LIES', 'EWES'), ('SLEET', 'SLEET'), ('DRAW', 'TAPE'), ('TESTS', 'EXAMS'), ('ADDED', 'ADDED'), ('TIA', 'ONO'), ('STREAMS', 'STEEDAS'), ('LAMENT', 'SLEEZE'), ('ERLE', 'NEIL'), ('CARIB', 'ARABE'), ('OCTAVE', 'SESESS'), ('CARELESS', 'NEGLIGSD'), ('DUIKERBOK', 'LLLTSURLT'), ('STEEL', 'ENDOW'), ('ELLE', 'ASAT'), ('TYPE', 'REST'), ('TOSCA', 'TIARA'), ('SLED', 'MEPD'), ('SEED', 'SLOP'), ('ONTAP', 'ATSEA'), ('COMO', 'TSTA'), ('OVER', 'ENEE'), ('WILDEBEEST', 'NAASSETEAT'), ('ENTAIL', 'ERMATV'), ('RESIDES', 'TESSEET'), ('UPPER', 'EEXAO'), ('SARD', 'RUDE'), ('EGO', 'RIA'), ('SONATA', 'SAECTR'), ('UNHINGED', 'RESENTET'), ('LOOS', 'NEIL'), ('ETRE', 'ENSE'), ('SENS', 'ERIE'), ('GROUP', 'STOCT'), ('NEROS', 'ANNES'), ('ERRED', 'EATED'), ('GILT', 'EEEE'), ('ARIES', 'LAWXS'), ('FEEDS', 'TEEDS'), ('HARTEBEEST', 'AAAOEEGDAS'), ('TRAIN', 'TMPNZ'), ('BLAME', 'NLAAL'), ('SWAT', 'SEOE'), ('STREAKED', 'SMENETTD'), ('TELAR', 'TESRG'), ('SERVE', 'SEESS'), ('DARESTO', 'DLALETA'), ('ALERTS', 'DISURS'), ('MILTON', 'EBINIT'), ('CAKED', 'AETTP'), ('ODES', 'SLAM'), ('CULL', 'ELSE'), ('TILE', 'SLAP'), ('COPE', 'NLSO'), ('SECA', 'SORE'), ('SLAP', 'DWAA'), ('BYE', 'REL')]"
1998,SAT,1998-05-09.json,0.14720812182741116,0.0,"[('TAPSIN', 'TEXTOS'), ('REROUTED', 'ENSAHEES'), ('ELAPSE', 'ERRANT'), ('ONEONONE', 'ENTWEVVE'), ('ATRIUM', 'HEARTS'), ('MTSHASTA', 'ELEEREET'), ('REAR', 'HEEO'), ('OHARAS', 'SONIES'), ('SIL', 'NNT'), ('ORDER', 'TASTE'), ('ANEW', 'OVER'), ('LURE', 'KILE'), ('PEI', 'ELI'), ('ONICE', 'TIRED'), ('TAPER', 'AINYR'), ('EGG', 'TEE'), ('BETE', 'ANNE'), ('OED', 'ALT'), ('NOMOREILOVEYOUS', 'ARAEEIOATRITSAT'), ('ROD', 'OIL'), ('ABUT', 'AEEG'), ('FLA', 'ONE'), ('STAGY', 'ETELY'), ('MNEME', 'ELMAN'), ('FTD', 'AKA'), ('URNS', 'SRLS'), ('BOGS', 'ERRS'), ('RACES', 'AREAS'), ('GIG', 'TIE'), ('REVUES', 'AMRIEI'), ('BORA', 'ERIE'), ('AVEMARIA', 'EBNYNIAA'), ('ITALIC', 'DAIEAE'), ('RELAYING', 'REIANLNA'), ('REBOOK', 'ENSDTR'), ('STONEAGE', 'SLAYEETA'), ('STARRS', 'ANNIES'), ('TEAROPEN', 'TEHHTETA'), ('ALTEREGO', 'EREEALER'), ('PARADIGM', 'XRAESIEA'), ('SPIRE', 'TAROT'), ('ISU', 'ONT'), ('NEMO', 'STSS'), ('ROMANCELANGUAGE', 'EEENVEEAALRIAAA'), ('ENTREE', 'NNLIED'), ('RESAW', 'STEER'), ('OOHS', 'AWES'), ('UNA', 'HER'), ('TOSSUP', 'EVENIN'), ('ENTIRE', 'EVENLY'), ('DEALER', 'SETTER'), ('HAITI', 'OORNO'), ('ROBROY', 'ETAEIY'), ('LADY', 'KITT'), ('NEED', 'INIL'), ('TEETER', 'ALIGNA'), ('OVUM', 'AREA'), ('ORGS', 'EOLS'), ('OBESE', 'TEMSE'), ('OFFCOLOR', 'SOAEREDI'), ('ULTERIOR', 'ANKAIATE'), ('SADSACKS', 'TEASEERS'), ('SUGARS', 'ESTERS'), ('TRIVET', 'TRIBEL'), ('ANGELO', 'ELENIA'), ('MOVING', 'ERRANT'), ('BERIA', 'EMILE'), ('ABABA', 'REISN'), ('RAYE', 'ANNE'), ('SIRS', 'IDEA'), ('MAN', 'YAY'), ('TET', 'ANN')]"
1997,THU,1997-04-03.json,0.1837837837837838,0.039473684210526314,"[('ASKS', 'YTSA'), ('ELFIN', 'ANGER'), ('PERU', 'EROS'), ('LILT', 'EEER'), ('LORNE', 'ELIAS'), ('AXIS', 'OTIS'), ('IDEA', 'SART'), ('APACE', 'ALERT'), ('LEON', 'OMAR'), ('ALITTLEMADNESS', 'NSTIALPAEEOBSE'), ('SEGUE', 'OEANT'), ('SENSES', 'ADDENS'), ('ERE', 'ODE'), ('ATRIA', 'AREAS'), ('ELM', 'ALE'), ('INTHESPRING', 'PXRTOOLLAMR'), ('MEOW', 'ALAS'), ('CREDO', 'AIANN'), ('ANTE', 'OSEG'), ('ISWHOLESOME', 'RSRAHMOSOCE'), ('DOS', 'ENO'), ('TENAM', 'TENAO'), ('EAT', 'EAT'), ('TEASES', 'SLEEDS'), ('VALUE', 'VEDAY'), ('EVENFORTHEKING', 'HEAERLNSOENISE'), ('AVIV', 'ATAI'), ('AEIOU', 'TDASB'), ('EMIR', 'RSSA'), ('DELE', 'DRST'), ('CUTIN', 'LETGO'), ('RITE', 'HCIS'), ('ONER', 'ONEA'), ('TRUCK', 'TRAIN'), ('STET', 'EXIT'), ('ALIAS', 'YESNO'), ('SIDLE', 'TEASE'), ('KLEIG', 'SERTA'), ('STATUE', 'ARTINO'), ('ELAL', 'AEAL'), ('LOPES', 'NLLPA'), ('FRAME', 'GIEAD'), ('INCAN', 'EARED'), ('NEEDS', 'RSTEE'), ('PALESTRA', 'EOOBSRLO'), ('EXES', 'RTMS'), ('RIOS', 'OIAE'), ('USN', 'SSR'), ('TERI', 'ATDP'), ('NEAP', 'ONAL'), ('ENCL', 'EXAM'), ('RIND', 'EASE'), ('INTO', 'AMEN'), ('AGES', 'SRGO'), ('EMIT', 'AART'), ('LESE', 'LLSE'), ('MOWN', 'EARN'), ('TRE', 'RIO'), ('HES', 'TAS'), ('EDO', 'ONO'), ('SOME', 'ONCE'), ('WHATEVER', 'SAASAITA'), ('OMEN', 'HOLE'), ('EAVE', 'EAVE'), ('TAKERS', 'TENRHE'), ('AFACT', 'ERTLT'), ('SOEUR', 'ELDER'), ('ERITU', 'DNATA'), ('STOIC', 'SSSGI'), ('LIMIT', 'DISCX'), ('UNITE', 'ASSII'), ('EGRET', 'YEAST'), ('EVEN', 'HTRN'), ('VILE', 'EASE'), ('HUNK', 'OBON'), ('ADO', 'ADO')]"
2002,THU,2002-05-02.json,0.15425531914893617,0.013888888888888888,"[('SHAMAN', 'EENELS'), ('CHAPEL', 'AMESNO'), ('HOSANNA', 'XLEAESE'), ('CHALICE', 'SRELKOD'), ('IWONDERWHERETHE', 'IIIRTWLSTINTINO'), ('PEKES', 'TALES'), ('TAO', 'ILA'), ('ETHOS', 'HONOR'), ('DOCUDRAMA', 'DYEAAIASN'), ('AMF', 'ANS'), ('ARIEL', 'LNTNR'), ('TAE', 'TEA'), ('MAESTRO', 'LETNREA'), ('SIMMONS', 'SARRERE'), ('MOTHER', 'APEIAN'), ('BEARIS', 'BAORIE'), ('ARCADES', 'MAENEAT'), ('GAGRULE', 'SIMTSCN'), ('NIH', 'OLR'), ('REHAB', 'NEETA'), ('SSS', 'EAR'), ('ICEPALACE', 'AEAALENTO'), ('AVILA', 'AAORA'), ('ANO', 'EIE'), ('ONEIS', 'AROII'), ('FAMOUSLASTWORDS', 'TXDERNRALOLATRD'), ('ONASSIS', 'ALINLAS'), ('HELLION', 'YNELOAO'), ('RENTER', 'TENANT'), ('ASSESS', 'ASSESS'), ('SHIP', 'EXIT'), ('HOWE', 'ELIA'), ('ASOK', 'NEIL'), ('MANED', 'EARED'), ('ANDSO', 'LETSY'), ('NNE', 'SSW'), ('CHE', 'ARI'), ('HAREM', 'MENHS'), ('ALETA', 'ELTON'), ('PITH', 'SKIN'), ('ECHO', 'NONO'), ('LEES', 'ODOR'), ('ARTURO', 'ELIANA'), ('CHORES', 'STAINS'), ('WADI', 'SLAT'), ('CARRERE', 'ELENANA'), ('ALIBABA', 'ARABIAN'), ('AMMAN', 'ALAMO'), ('MAORI', 'NEPAL'), ('FETCH', 'STEER'), ('TORUS', 'TERSE'), ('ANILS', 'ERICA'), ('ESSES', 'AEENR'), ('SHA', 'NIN'), ('TED', 'RAE'), ('MEG', 'RAM'), ('MAR', 'ROT'), ('SEPALS', 'TEAERS'), ('GALOSH', 'STEELY'), ('HANA', 'ELIA'), ('ILOST', 'ARENA'), ('CAUSE', 'EARLN'), ('COWLS', 'TALES'), ('ENOLS', 'ORALS'), ('AFOR', 'ATAT'), ('VANE', 'AXLE'), ('IMAN', 'ODIN'), ('ERIE', 'OTOE'), ('IDOS', 'IRAS'), ('SSNS', 'IDOS'), ('SIR', 'NAT'), ('TEA', 'ONA')]"
1990,MON,1990-10-01.json,0.20105820105820105,0.039473684210526314,"[('ABED', 'AANI'), ('NARC', 'NASC'), ('ETON', 'ODIN'), ('ELEMI', 'ODNON'), ('OLIO', 'NIAT'), ('ERIE', 'NEIL'), ('WATERMELON', 'AOINTANDNA'), ('RASE', 'TETE'), ('ETE', 'KRS'), ('EELY', 'EVEE'), ('COINED', 'IOSERT'), ('SELECTS', 'SNECRES'), ('METES', 'ELATE'), ('ATA', 'ONE'), ('SONOROUS', 'OLAEATAS'), ('AMOS', 'EROD'), ('MOUNTS', 'ENTIRS'), ('NNE', 'RTE'), ('LEVY', 'EURN'), ('ORDER', 'ABASE'), ('BIDE', 'BLUE'), ('IRE', 'ILL'), ('ERRATA', 'ERASES'), ('ICON', 'LDTN'), ('TERRAPIN', 'YELLOWIE'), ('TAT', 'LAY'), ('GOTHS', 'RUINS'), ('LITERAL', 'NASTSNT'), ('CARUSO', 'TARINA'), ('MOOT', 'EEPS'), ('ALE', 'TEE'), ('AMAT', 'AMOR'), ('STAGNATION', 'PSXIOAPAOT'), ('SIZE', 'PIBD'), ('IOTA', 'AEEL'), ('CONES', 'IERNE'), ('EDER', 'EDER'), ('STEN', 'SNCS'), ('KEYS', 'LNSY'), ('ALATE', 'ADORN'), ('BETEL', 'ANISE'), ('EME', 'NON'), ('DIRECT', 'INTERN'), ('NOELS', 'NNNES'), ('ALLY', 'AIDE'), ('RIO', 'SAN'), ('CONCENTRATION', 'CTAILARESLAPO'), ('EERIER', 'ONTSTA'), ('TRANSONIC', 'DEEEETRLD'), ('OISE', 'IITR'), ('NEED', 'NLET'), ('EWES', 'OAKS'), ('METAMORPHOSIS', 'AVEEEARWNAPAS'), ('OTOS', 'OAES'), ('EASY', 'CODN'), ('MONET', 'ELISE'), ('SUDAN', 'OTASE'), ('UNDO', 'ATUT'), ('SEEN', 'SEEN'), ('ALIT', 'EEIY'), ('MERE', 'RULE'), ('OVERGRAZE', 'ORLLRROBE'), ('ORRIS', 'NBAIS'), ('BITE', 'BLYT'), ('EATS', 'EOIN'), ('ROUTER', 'LUIRDR'), ('ATTACK', 'ASSAIL'), ('LOGAN', 'NEILS'), ('RAINY', 'STARS'), ('ALOES', 'NEONY'), ('LENS', 'TETE'), ('CASE', 'TAPE'), ('AMID', 'AMID'), ('MATE', 'EXEC'), ('TOT', 'SEN'), ('TOE', 'PEN')]"
1996,THU,1996-10-31.json,-1.0,-1.0,WRONG
1976,WED,1976-09-01.json,0.19786096256684493,0.02564102564102564,"[('ANTS', 'ASTS'), ('ACERB', 'TYEAL'), ('TASS', 'AASR'), ('CARL', 'SEEL'), ('MOREL', 'EERRO'), ('ALTA', 'RRLA'), ('ASEA', 'EMAI'), ('AMIDO', 'RSIAO'), ('NEAP', 'EIAF'), ('THETHREEMONKEYS', 'AILTERYEBSOADPS'), ('MOB', 'YES'), ('AMA', 'IEM'), ('LASTS', 'TISAE'), ('AWN', 'ALE'), ('PAREE', 'AAHST'), ('ASTA', 'ENTN'), ('ICH', 'DER'), ('PEDANT', 'AHRITE'), ('THEMONKEYWRENCH', 'EAENSESAAMAOREN'), ('HERALD', 'RNEILM'), ('ROA', 'TIA'), ('PERE', 'AMIE'), ('SNERD', 'SELEE'), ('REU', 'ELI'), ('STEER', 'SRNNT'), ('IDA', 'ENO'), ('NMU', 'DEA'), ('MONKEYINGAROUND', 'AESTPAEHARNFEET'), ('IDEO', 'NREE'), ('ELECT', 'ELECT'), ('UTOR', 'ETRE'), ('SEAL', 'TOEA'), ('RABAT', 'ARABY'), ('TARA', 'EALA'), ('SARA', 'ESKL'), ('STOTS', 'TEAMS'), ('SHAM', 'SLEL'), ('ACAT', 'ASEA'), ('NASH', 'SEMI'), ('TREE', 'TEAL'), ('SLAT', 'SLIT'), ('AMARO', 'TERRE'), ('COMEBACK', 'YESYSAES'), ('ERIE', 'ERIE'), ('REDMAN', 'ARABIE'), ('BLOOM', 'LOOSE'), ('TANK', 'AREA'), ('ALEE', 'ARID'), ('STAY', 'SLAP'), ('SAPS', 'RAFS'), ('HMS', 'EYE'), ('NAPER', 'OMAHA'), ('LATHS', 'TEERS'), ('ASHEN', 'INANE'), ('STERE', 'STEEL'), ('TAMAR', 'ANNIE'), ('WHERE', 'LRATL'), ('ADEPT', 'AROAR'), ('RANEE', 'HIRMN'), ('ENCRE', 'STEIN'), ('ETHER', 'TENET'), ('IND', 'DEM'), ('PWA', 'AMA'), ('OLDIE', 'SLEEP'), ('YOUNGCAT', 'AIIDACBM'), ('RAILAT', 'EOELRE'), ('SUR', 'SAN'), ('DYERS', 'NAEAT'), ('MATTS', 'ERTYS'), ('MISS', 'ANTE'), ('ODEA', 'EROS'), ('NEAR', 'SEEK'), ('KOLA', 'TEAL'), ('NEBO', 'HEAA'), ('OUTS', 'FEES'), ('UTAH', 'ETAL'), ('NORA', 'ERLE'), ('DRAM', 'TEAL')]"
1979,TUE,1979-03-06.json,0.17647058823529413,0.013513513513513514,"[('FLAN', 'SLOE'), ('CALMS', 'TETES'), ('DEAF', 'ENER'), ('RAMI', 'ELTS'), ('ADEEP', 'ANELT'), ('URGE', 'LEVI'), ('OLIN', 'EMIL'), ('PONCE', 'SDTET'), ('PIED', 'OIED'), ('ONEFORTHEROAD', 'OSAETREVAENLN'), ('PINE', 'ASEE'), ('ADEN', 'AMRN'), ('ALLIN', 'AWART'), ('DANRATHER', 'DANKOATEE'), ('BIONIC', 'ANIMAL'), ('LIER', 'DTOS'), ('IDA', 'ARI'), ('ABCS', 'EXAM'), ('ERICA', 'LSDEP'), ('UNIT', 'EXAM'), ('NYA', 'DEA'), ('FROG', 'TETE'), ('DINGLE', 'YEASTY'), ('GALLIVANT', 'SLEEPUPON'), ('AMEER', 'ARABI'), ('ACAD', 'ELEM'), ('HOSE', 'ELIT'), ('TWOONTHEAISLE', 'CHOICEBOARDER'), ('BAHT', 'TAOS'), ('TEAMS', 'TEENS'), ('HYDE', 'ERLE'), ('AXIS', 'TEAL'), ('ESTEE', 'ERICA'), ('ERAS', 'ERAS'), ('RIPE', 'EVIL'), ('STETS', 'YESES'), ('DAMP', 'TEST'), ('FRO', 'SEE'), ('LALO', 'LLMO'), ('AMIN', 'OTIS'), ('NINEPINS', 'ESLAARMM'), ('CAPON', 'TASTE'), ('ADORED', 'ENDRED'), ('LENT', 'TETE'), ('MECHANIC', 'ELEVANTE'), ('SPEEDREAD', 'STTAMKOPY'), ('DUPONT', 'ELONNA'), ('ERIA', 'NEIL'), ('AGED', 'EVEN'), ('FED', 'RID'), ('FINI', 'ESTA'), ('REAR', 'EROS'), ('ABANG', 'AAEDS'), ('LIBYA', 'WNXEL'), ('LOCAL', 'AIAAE'), ('ALIGN', 'ADDEO'), ('HINGE', 'TAXSA'), ('EDILE', 'ERATB'), ('RATER', 'EIMYI'), ('CERVANTES', 'LLEUECTEY'), ('ROADTEST', 'STPMEERE'), ('UNMESHED', 'EARTDEET'), ('FICO', 'TPLI'), ('IASI', 'EAIR'), ('LAOTSE', 'EEOSLL'), ('THEMET', 'NEONCE'), ('OASES', 'LASAS'), ('TAXI', 'CAEV'), ('WHIP', 'HOAI'), ('HATE', 'BEIS'), ('LYRA', 'ERRE'), ('EDAM', 'RLAS'), ('BAR', 'TTE'), ('ESP', 'EST')]"
1982,TUE,1982-12-07.json,0.24861878453038674,0.039473684210526314,"[('DIRT', 'SLOP'), ('ASHES', 'AREAS'), ('FLAT', 'STAE'), ('ITER', 'EDEN'), ('SPERO', 'TIARA'), ('LADE', 'LESY'), ('MENU', 'TACO'), ('TREND', 'SLEET'), ('EPIC', 'EASE'), ('MOMMIEDEAREST', 'PERSENALOSESE'), ('PERE', 'ETAT'), ('ICES', 'TEES'), ('NEWEL', 'TARSY'), ('AGONY', 'THOEY'), ('ETAT', 'ETAT'), ('STRING', 'SHEONV'), ('CHI', 'ILA'), ('WHISTLERSMOTHER', 'EEAICLEALTECLEL'), ('SST', 'SSR'), ('RELATE', 'AARSEO'), ('WALK', 'ANTE'), ('BADLY', 'AWARE'), ('CORDS', 'TENDS'), ('AMAS', 'ALIA'), ('SPAT', 'TAED'), ('FATHERWILLIAM', 'FNEAESSARCAAA'), ('FIRM', 'FINA'), ('LOIRE', 'TERRE'), ('MEAD', 'ERMA'), ('ARIA', 'EROS'), ('KOREA', 'ALOHA'), ('ERMA', 'LIAD'), ('NEON', 'NEON'), ('STENS', 'EDENS'), ('ROAD', 'LOMA'), ('DIM', 'SET'), ('ITEM', 'LDAP'), ('RENO', 'OECE'), ('TRUMPETS', 'PNORESTI'), ('ASTIR', 'ATSEA'), ('SPREE', 'RILNT'), ('HEED', 'EAEA'), ('ERNE', 'AREL'), ('SODA', 'SATO'), ('FLEECY', 'SLEEEY'), ('LAPSE', 'TEASE'), ('ADITS', 'ASSES'), ('TEC', 'EYE'), ('MEL', 'STY'), ('RINGO', 'STEVE'), ('NEWS', 'TEES'), ('ETHS', 'ATES'), ('WAIT', 'RAAR'), ('ARRAY', 'TEASE'), ('GIST', 'HOLE'), ('ONME', 'ONTO'), ('SLED', 'SLAA'), ('TELL', 'HERR'), ('CHAR', 'ILNN'), ('HELD', 'LETD'), ('IRKS', 'ALES'), ('TRASH', 'CAWAA'), ('TWOTIMER', 'CAEDAELL'), ('BATMAN', 'AIEASN'), ('CAL', 'TEC'), ('AFIRE', 'AFIRE'), ('MARIO', 'LNNOO'), ('SIREN', 'TARHN'), ('PLEAS', 'AREAS'), ('ELKS', 'ETAE'), ('ROOT', 'SELD'), ('WIRE', 'SROE'), ('AERO', 'ARIO'), ('MAMA', 'AMAM'), ('FAN', 'FEN'), ('DAD', 'ADA')]"
1982,WED,1982-04-21.json,0.10582010582010581,0.0,"[('ATOP', 'ANHW'), ('STORM', 'NEARS'), ('ERIK', 'ELIA'), ('FILE', 'LEEP'), ('HANOI', 'TEIAN'), ('NUDE', 'AWEW'), ('AMANUENSIS', 'SERSENERER'), ('ABEE', 'TAPE'), ('REFINED', 'ORRAREN'), ('RIBBON', 'ERCETD'), ('TINY', 'RAPE'), ('TULLE', 'TEAUT'), ('MONETS', 'ARTIST'), ('HOLLERED', 'ENTPEEED'), ('OPINE', 'ENSUE'), ('CAREY', 'ELIOT'), ('BRO', 'ARI'), ('VENT', 'TAPE'), ('RNA', 'NDG'), ('SAAR', 'ERIE'), ('ERE', 'ERR'), ('FROSH', 'ERNES'), ('RINSE', 'EDSEL'), ('DATELINE', 'DRESTLOR'), ('MADDEN', 'STREET'), ('OLIVE', 'YEAST'), ('CEDE', 'OLEO'), ('OFFICE', 'SANTTC'), ('ROARING', 'LEAAAET'), ('LAID', 'SNOT'), ('TYPEWRITER', 'TOWBELOSRA'), ('LIVE', 'ANON'), ('EMOTE', 'ONIAP'), ('TARA', 'ASIP'), ('ARES', 'HERO'), ('RATED', 'RONNE'), ('ELAM', 'ANNE'), ('AFAR', 'ALSO'), ('TIME', 'NEER'), ('OLAF', 'HERR'), ('PENITENT', 'WPSARIUE'), ('SHEENS', 'NTNEPT'), ('TANDY', 'EEENE'), ('ONS', 'AIR'), ('ROI', 'RAE'), ('MISRULE', 'SNREETO'), ('ENABLE', 'EATCUE'), ('RUBBERBAND', 'LWAETEARSE'), ('IDEO', 'IEPT'), ('KEEN', 'AWED'), ('UNITE', 'ERASE'), ('ILLY', 'RAPT'), ('TORAH', 'TNIGS'), ('MOVED', 'AETED'), ('OPERA', 'RNARR'), ('NINETOFIVE', 'TSPREYNOOR'), ('HANSE', 'ELDER'), ('ERASE', 'ERIEE'), ('DOREN', 'DIELT'), ('CRONE', 'ENNOT'), ('SIDERITE', 'EDROAOAA'), ('FLIC', 'ETAT'), ('RIVETER', 'RLSCTOR'), ('RADAR', 'ETEAL'), ('ELIDES', 'SETTNO'), ('MEOWED', 'SLEEPE'), ('CRETE', 'OLBAN'), ('OLLA', 'SSAH'), ('FAIR', 'ANNE'), ('ITAL', 'ASSN'), ('NERA', 'ERIN'), ('GRAM', 'TAPE'), ('YMA', 'ONO'), ('POT', 'WIN')]"
1978,FRI,1978-04-07.json,0.19047619047619047,0.02631578947368421,"[('ODESSA', 'EEASAS'), ('MIO', 'TIO'), ('LIE', 'TEE'), ('RETOOL', 'RETEIL'), ('MISSPENT', 'OATDADED'), ('ACTOUT', 'ERRANT'), ('ONETENTH', 'TSIELEIA'), ('TOE', 'SOT'), ('PALACE', 'YEASTS'), ('ADES', 'TEAS'), ('ERNIE', 'ELIOT'), ('ENE', 'NNE'), ('ALLS', 'ALLI'), ('MDCV', 'DISN'), ('FLEETS', 'ETTNAS'), ('ARA', 'ALI'), ('HASSLE', 'TAEERI'), ('AAR', 'AER'), ('KREMLINOLOGISTS', 'YNSNAEINYITESXS'), ('ORD', 'OAN'), ('ANTLER', 'LEEOAC'), ('LEE', 'RID'), ('SESAME', 'SLAEIL'), ('EARS', 'SAOT'), ('AQUA', 'YITI'), ('DIV', 'STA'), ('OATER', 'TEXAS'), ('ARUT', 'ASEA'), ('DONETS', 'ESTATE'), ('ONE', 'UNC'), ('SAARLAND', 'NTRTSXIA'), ('REUNES', 'ARRCTA'), ('AGREEDTO', 'NAASPESA'), ('ATTIRE', 'CTREET'), ('NEE', 'ANN'), ('ASS', 'ASS'), ('MOSCOW', 'OOSESE'), ('ORATE', 'ERESE'), ('DECOR', 'EEROL'), ('ETTEN', 'ATRTI'), ('SOO', 'SEA'), ('SOUPED', 'AINYTI'), ('ALTA', 'SLTE'), ('MINCE', 'TASTE'), ('ISEE', 'ITIS'), ('OST', 'ODE'), ('LENDLEASE', 'TDEELNASI'), ('INTESTATE', 'EEIAIAEXD'), ('ETHS', 'EDAS'), ('MOAN', 'OTSN'), ('PEALE', 'ALTLT'), ('LEVANT', 'ANNAIE'), ('IMAM', 'ODIN'), ('ALEG', 'ATIT'), ('CHINE', 'STEEL'), ('FLORA', 'ERICA'), ('SRS', 'SRS'), ('ARREARAGE', 'ANALYSTAN'), ('REDSQUARE', 'LSNAIERAN'), ('SOL', 'ENO'), ('SLEEVE', 'EYASAA'), ('KOS', 'YOS'), ('LAMA', 'ALII'), ('ILSA', 'ERTE'), ('AUTRE', 'ETATS'), ('ROSETO', 'OTERTO'), ('DONTS', 'SSISS'), ('INDO', 'TTAA'), ('TONIC', 'XUCEE'), ('ENERO', 'ANTES'), ('RESEW', 'SCATE'), ('ASAN', 'ANNA'), ('DADS', 'EXES'), ('TRAM', 'TACO'), ('LEA', 'SPA'), ('UTS', 'RRS')]"
2002,THU,2002-11-21.json,0.13903743315508021,0.038461538461538464,"[('STILL', 'TSAKE'), ('MOTE', 'MAWT'), ('TATA', 'IBET'), ('CANOE', 'STEEL'), ('AFAR', 'AFAR'), ('IBEX', 'OLGA'), ('IMAXFACTOR', 'NERGDACOYY'), ('MAXI', 'SKIT'), ('FEB', 'ENL'), ('TIRE', 'HORN'), ('PECAN', 'ETENE'), ('IRA', 'TOG'), ('IRONDARLING', 'DEOSTSXAAOR'), ('DENY', 'OEIT'), ('EBAY', 'AOEA'), ('FAWN', 'FATT'), ('UNLIT', 'EESMR'), ('SET', 'LAO'), ('IDAVIDLETTERMAN', 'IWEAYNRLTETEARR'), ('TOY', 'TED'), ('QANDA', 'EENIE'), ('CART', 'LXEE'), ('LUNA', 'TLME'), ('BRAS', 'EEOA'), ('ITALIASHIRE', 'LTERLOSETLY'), ('HOP', 'TEA'), ('DABAT', 'OENAA'), ('YOUR', 'LIME'), ('ICE', 'OAT'), ('ATOM', 'CTDI'), ('INATTURNER', 'SEIEOSEANO'), ('HERA', 'ERIN'), ('DATA', 'OVTR'), ('NOTAS', 'EADAL'), ('ORTS', 'LANS'), ('OPTS', 'SEES'), ('STONE', 'STEEL'), ('SCIFI', 'TSNET'), ('TAMER', 'STENO'), ('INABADWAY', 'AERLGOTED'), ('LOX', 'KEG'), ('LEFTIN', 'ELDHDI'), ('MACRO', 'MACRO'), ('OFTEN', 'AFONS'), ('TAO', 'WAY'), ('ERR', 'TRY'), ('TIMELY', 'IOSTAA'), ('ABACI', 'BLKEA'), ('TEXAN', 'EGINO'), ('AXING', 'TATER'), ('AIRY', 'AOET'), ('PRATE', 'EXERT'), ('DELTA', 'TASTE'), ('ABIT', 'SOME'), ('ENV', 'ETA'), ('FIT', 'FIT'), ('ADO', 'AWE'), ('ULNAS', 'ERNES'), ('NED', 'ELI'), ('SMASHINTO', 'LAXATOADE'), ('EAR', 'ARE'), ('TNT', 'ORE'), ('IQUIT', 'YELLA'), ('DANA', 'NEMO'), ('RCA', 'ELO'), ('LLAMAS', 'TRAINS'), ('BRUT', 'ELMO'), ('RERUNS', 'EYESES'), ('IDAHO', 'LOCEL'), ('TATER', 'TETRA'), ('ABORT', 'ENDIN'), ('HYATT', 'ELITE'), ('IOTAS', 'TIERS'), ('OCEAN', 'EANAE'), ('PERSE', 'ATOLL'), ('IDO', 'SOS'), ('NAP', 'EVE'), ('ROT', 'EAT')]"
2004,FRI,2004-01-09.json,0.17766497461928935,0.04285714285714286,"[('ASOLDASTHEHILLS', 'ASSLSNTATEITERS'), ('WORDONTHESTREET', 'LTHDLEEAADSENET'), ('INALLDIRECTIONS', 'OEOLOIRLNALAEXS'), ('NAT', 'NED'), ('LYNE', 'ELSA'), ('EPS', 'MES'), ('GREG', 'ERLE'), ('GAP', 'END'), ('HAAS', 'ETIE'), ('ISR', 'NAE'), ('DRAM', 'ALOT'), ('BLT', 'EEL'), ('GIFTCERTIFICATE', 'SEETPLRAANAENAD'), ('IVEGOTAHEADACHE', 'TLLRPAAAPESAEGE'), ('GASOLINESTATION', 'EDDELTNASSETTER'), ('ONT', 'NEE'), ('DEAN', 'YETO'), ('ESE', 'ORA'), ('TASS', 'ORRS'), ('TEA', 'OAT'), ('RAGA', 'TATA'), ('TAD', 'TAN'), ('ELKE', 'HEAS'), ('MOS', 'TEM'), ('DAVIDANDGOLIATH', 'HATERESAANTASSA'), ('ONCEINALIFETIME', 'ANVVIMTASNAMENA'), ('HERBALMEDICINES', 'HEXEAOEAEETIAOA'), ('AWING', 'ALONE'), ('SONAR', 'STEER'), ('ORATE', 'SHODL'), ('LDL', 'LDL'), ('DOLL', 'SLOE'), ('ANDY', 'NEIL'), ('STING', 'TERSE'), ('THREADTHENEEDLE', 'AALANAAAAOAHAAA'), ('HEE', 'TAN'), ('ESCE', 'EDAM'), ('HTTP', 'ISLE'), ('IRISH', 'TEASE'), ('LEO', 'ENE'), ('LEN', 'REX'), ('STS', 'STS'), ('GITGO', 'ENTRE'), ('PRIES', 'DLAPS'), ('ABACI', 'TENET'), ('ALTHO', 'IEAGE'), ('STEEN', 'ELDER'), ('SCOLD', 'APPLY'), ('RETIE', 'ELATE'), ('AFATE', 'ONESO'), ('MIDAS', 'TASER'), ('GIGOT', 'STENO'), ('IVANA', 'ELDER'), ('FESTS', 'ELDER'), ('RANAT', 'RANTO'), ('CATER', 'EATAT'), ('STIEB', 'STEVE'), ('ALGID', 'TEASE'), ('AMAIN', 'ATSEA'), ('GOTME', 'TESNO'), ('ASHES', 'AMAAA'), ('ADIA', 'ARIA'), ('DANL', 'NEMO'), ('KOFI', 'ANNE'), ('ELEC', 'STAT'), ('DOH', 'HAH'), ('ANE', 'ANE'), ('VCR', 'TVX'), ('NAM', 'STE'), ('ITI', 'AMI')]"
1997,THU,1997-12-25.json,0.14594594594594595,0.039473684210526314,"[('RBI', 'RBI'), ('CASCA', 'ELIAS'), ('EDAM', 'OAEO'), ('DOOM', 'ERGO'), ('ALOAN', 'ABATE'), ('MYRA', 'ORNN'), ('EBAN', 'HERR'), ('BILLYOCEAN', 'ELECTORTOR'), ('VERONICALAKE', 'YOYOYOYOYOYO'), ('ORD', 'SAN'), ('ANERA', 'ONEAL'), ('RECAP', 'ENSAR'), ('UTURNS', 'TEXAMS'), ('LEADING', 'ENTRENT'), ('TOPIC', 'ELECT'), ('OOM', 'IAN'), ('ANA', 'NNE'), ('MELBROOKS', 'EAAARATNA'), ('ERR', 'ARN'), ('EEK', 'GEE'), ('APEAR', 'ARENA'), ('THEWOOL', 'LHETEEA'), ('ORANGE', 'RATXAX'), ('COPAY', 'ANTEX'), ('LIGNE', 'SEYEL'), ('LAN', 'TCP'), ('PETEFOUNTAIN', 'RAPAVESERRAA'), ('JOANRIVERS', 'SASRMOAAMI'), ('ACNE', 'AAGS'), ('IDLE', 'IRLO'), ('PULSE', 'SLDES'), ('MESS', 'RUIN'), ('BEER', 'TTYR'), ('SELES', 'STENT'), ('EST', 'EST'), ('ROBERTO', 'RREOAEL'), ('BOARDUP', 'BGRYNXE'), ('IMNO', 'IORO'), ('CABINS', 'EAEONS'), ('ALICE', 'LBLYE'), ('SOLAR', 'IAEOA'), ('CALLALOO', 'ATCYLEAA'), ('ANYA', 'SETO'), ('EMCEED', 'OORONR'), ('DYE', 'ART'), ('ARA', 'ENO'), ('MAN', 'ONR'), ('DEVOUT', 'EHYSTE'), ('OKRA', 'OYET'), ('NANCE', 'YOMTA'), ('CIA', 'SEN'), ('ANN', 'ANN'), ('PGA', 'RTE'), ('RIM', 'ACE'), ('EMO', 'NNT'), ('ORK', 'IRE'), ('LEO', 'AGE'), ('BELLEVUE', 'AEASAALT'), ('KAREN', 'NAALE'), ('SPA', 'ART'), ('ETC', 'ALA'), ('RHO', 'RHN'), ('REP', 'NET'), ('ENLACES', 'EXTRAUS'), ('AGAINST', 'NACAGIT'), ('RENNES', 'AXPASN'), ('WAPNER', 'TERROR'), ('OYER', 'EXAM'), ('ONUSES', 'RESIST'), ('IFELL', 'EVADE'), ('GORSE', 'YEMEN'), ('TIPS', 'POSS'), ('TAME', 'RARE'), ('JIB', 'SIT'), ('ODE', 'ART'), ('ALE', 'SLY')]"
2003,TUE,2003-12-02.json,0.1657754010695187,0.02631578947368421,"[('TIDE', 'EAVE'), ('PAUL', 'EROS'), ('ONSET', 'EUTLH'), ('ICAN', 'IMOT'), ('RICE', 'TACO'), ('ROCKS', 'LEAIA'), ('DEMO', 'ARIA'), ('URLS', 'SSNS'), ('SLEEK', 'TIREH'), ('BASSONBASSOON', 'AAAEOEEAOLOAA'), ('IGO', 'LET'), ('NEA', 'NIX'), ('INVAIN', 'INALLY'), ('TENSE', 'INANE'), ('GONE', 'YELL'), ('ERNO', 'EDIE'), ('CAD', 'NET'), ('SSR', 'ESE'), ('LION', 'ELHI'), ('CARTONCARTOON', 'OYAAHNAAAAAAA'), ('MATA', 'HARI'), ('TRA', 'ERE'), ('ARS', 'ESO'), ('APOP', 'PERM'), ('EARL', 'OARE'), ('ATBAT', 'SHOOT'), ('COMPEL', 'STRETS'), ('ALI', 'ALI'), ('OPE', 'SEE'), ('BALLONBALLOON', 'TAIANEAAAEATA'), ('SLOPE', 'ARENA'), ('LORD', 'EROS'), ('OGLE', 'AEOM'), ('YEMEN', 'LEABR'), ('GOAL', 'ANTE'), ('LILT', 'SLOE'), ('DEBRA', 'IDEAA'), ('ANTE', 'LEUP'), ('LEOS', 'ESAS'), ('TIDBIT', 'EIAALI'), ('ICEAGE', 'AMRAEN'), ('DAMSON', 'VOIATA'), ('ENOS', 'ETAE'), ('PRUNE', 'ETSEI'), ('AIRBAG', 'RASEXY'), ('UCLA', 'OCNA'), ('LESS', 'SOSO'), ('ORSON', 'ELTON'), ('NOLOVELOST', 'UEIAAEEAOH'), ('SCENARIO', 'TARALDLA'), ('EKE', 'LIE'), ('TSK', 'HAH'), ('ONEAT', 'ONEEA'), ('SIERRA', 'LILEAE'), ('INON', 'LIHA'), ('NON', 'YEI'), ('SCRAPPAPER', 'NNAIMEANBA'), ('OSCAR', 'EEAER'), ('NSA', 'LSA'), ('DOTELL', 'THEOSA'), ('CAPO', 'OAET'), ('ATOMBOMB', 'YRRRTEAE'), ('NRA', 'NRA'), ('TRAIL', 'ASSIA'), ('MAC', 'HPS'), ('LABRAT', 'EAAOTU'), ('BOOGIE', 'OSAELS'), ('APOLLO', 'OETOOA'), ('TENETS', 'TEAMES'), ('ELENA', 'TIARA'), ('LADLE', 'LASEP'), ('OLGA', 'NEAL'), ('NOON', 'ERNE'), ('LOLL', 'EASE'), ('SYD', 'ALI'), ('LEE', 'RED')]"
1996,SAT,1996-06-08.json,0.14646464646464646,0.0,"[('SPORTSCAR', 'MARESSMEA'), ('CROSS', 'YEAST'), ('ERNIEPYLE', 'ELERLTRLR'), ('HAUNT', 'EVENS'), ('DISGRACED', 'ENSRIERET'), ('ATTAR', 'TEASE'), ('AVA', 'LEE'), ('MILKSOP', 'PNXGISE'), ('CPO', 'SGT'), ('NELL', 'ANNE'), ('NOSES', 'OEAGT'), ('TASK', 'BIKE'), ('STEAL', 'ARTXS'), ('NEAP', 'SLOE'), ('ASHE', 'ANNE'), ('TOMEI', 'TENET'), ('RAPTOR', 'EESNAS'), ('RAREGAS', 'AAYRANA'), ('SEXISTS', 'ARAISLX'), ('OPENER', 'RSEATE'), ('DAYIN', 'THERE'), ('SPAT', 'TILT'), ('IBAR', 'HOLE'), ('STARS', 'NNETE'), ('ELLS', 'IALS'), ('SARAH', 'ELIOT'), ('ONEA', 'ELSE'), ('BEL', 'CNO'), ('FALLFOR', 'SLEEPUP'), ('GET', 'SET'), ('UPONA', 'LIWSA'), ('LEISURELY', 'INSIGNANT'), ('DIVER', 'EAEEL'), ('ANNETYLER', 'ANNEYMADE'), ('SEETO', 'SNYAE'), ('DEADHEADS', 'PERSONERS'), ('SEDANS', 'MEELAA'), ('PRIVET', 'ALNENR'), ('ONSALE', 'RESENT'), ('RIG', 'ERR'), ('TERM', 'SLIP'), ('SPAIN', 'STENO'), ('CYCLONES', 'MRRXESEA'), ('ALEKSEI', 'ELEGALT'), ('REDSEA', 'ARTIGO'), ('CHAP', 'YETE'), ('RAT', 'EVE'), ('OUTCASTS', 'AEASINNS'), ('SNAPSHOT', 'SNSGKNAL'), ('STROKERS', 'TSETEESX'), ('OSPREY', 'STEERE'), ('LATENTS', 'EXTRATS'), ('TAPINTO', 'BASIENE'), ('LOGE', 'SEAT'), ('MARISA', 'NNEHEL'), ('AXIS', 'EARN'), ('ROSEBUDS', 'ARTICLES'), ('APPLEPIE', 'ASIANIAN'), ('REALLOVE', 'YELLOWEY'), ('SARAFINA', 'AHEOPSNR'), ('DARLENE', 'TLIENNE'), ('BALLAD', 'OLEIAP'), ('ANGELA', 'ELSAAE'), ('REELED', 'TSENDR'), ('SATYRS', 'EETTES'), ('HOSED', 'TUIES'), ('FARO', 'SALE'), ('RUTH', 'PGYO'), ('NET', 'SEA'), ('RYE', 'NMN')]"
2016,SAT,2016-12-10.json,0.13131313131313133,0.0,"[('SPOILT', 'YTSOEA'), ('PETHATES', 'YPIEEYAS'), ('HARVEY', 'EEEDRB'), ('EXHIBITA', 'ERTRLENA'), ('ERNANI', 'SAAIOO'), ('DIALECTS', 'AEAIIATS'), ('STANDNEXTTO', 'YSSNPUESSSE'), ('KOS', 'SOS'), ('GYM', 'ETO'), ('GRIP', 'TTTE'), ('MERE', 'OTNY'), ('OBESE', 'SENST'), ('SNOCKERED', 'SONROVOID'), ('NUNCIO', 'ERANAE'), ('GLOAT', 'NTEAE'), ('ESTHETE', 'SYLEXLN'), ('LOUISCK', 'SNSRSPT'), ('NIOBE', 'EIKOS'), ('LANKAN', 'DITLEE'), ('IMTOOSEXY', 'SASZSSRTE'), ('IGIVE', 'SOERA'), ('BAEZ', 'ANNE'), ('NCIS', 'TAAT'), ('LAA', 'ERS'), ('EDS', 'ETC'), ('SLEEPERHOLD', 'TTHRRESOPOE'), ('AMORTIZE', 'EITHAATS'), ('ROADIE', 'XLGRNE'), ('MAROONED', 'LNAECCHU'), ('BURGER', 'EIROAR'), ('SNOOPERS', 'SOIROOEP'), ('STEERS', 'SPEOLS'), ('SHESGONE', 'YESYESES'), ('PARTYBUS', 'TEASTERY'), ('ORNAMENT', 'SEASONAL'), ('IVAN', 'ODIN'), ('LEND', 'EROP'), ('TYING', 'ABOUT'), ('PEDXING', 'YEASTON'), ('EXITPOLL', 'PRESENTS'), ('THAT', 'ITAS'), ('HILO', 'ERIE'), ('ABE', 'ELI'), ('TICKER', 'YEASTO'), ('ETTORE', 'ANTONI'), ('SASSED', 'SASSYD'), ('ERS', 'ETS'), ('METING', 'OVERTO'), ('SCHNOZ', 'SNEEZE'), ('EIEIO', 'TAXIS'), ('COOL', 'REND'), ('KAUAI', 'OASIS'), ('OTOS', 'ELKS'), ('EBENEZER', 'NORTHTHE'), ('SKILODGE', 'SLEEPROO'), ('CAVALIER', 'PERRONAL'), ('KNEADERS', 'TEASEERS'), ('EXCEEDS', 'STARSUP'), ('IBEAMS', 'SAEELS'), ('MADMAN', 'ANTINO'), ('TESORO', 'SNCTAI'), ('YIP', 'EAR'), ('SERBS', 'TEXES'), ('STOP', 'TACO'), ('LINE', 'TACO'), ('ROUT', 'SLIP'), ('HARE', 'OGRE'), ('ROO', 'HER')]"
1979,TUE,1979-07-10.json,0.22702702702702704,0.02564102564102564,"[('WHAT', 'AFAO'), ('RIGOR', 'AATAY'), ('TOME', 'SEAT'), ('EACH', 'REBD'), ('ADORE', 'SNARE'), ('OBOL', 'TSUA'), ('BYHOOKORBYCROOK', 'ATEINANCELTESRO'), ('SERVILE', 'STNELEO'), ('UREDO', 'HVOAS'), ('ENS', 'YDS'), ('CATE', 'EARE'), ('CASING', 'SAEANR'), ('PACE', 'HRCU'), ('JAM', 'TEE'), ('EMIT', 'TMSM'), ('SECTS', 'TEATE'), ('ORE', 'OLE'), ('DIGUPTHEHATCHET', 'EITAAAUASSSNTIR'), ('ANN', 'EWE'), ('LOIRE', 'YERRE'), ('ANTE', 'ANTE'), ('ROO', 'LOS'), ('ERNS', 'EELS'), ('LAPSED', 'SAHSED'), ('ZANY', 'EVIL'), ('CAL', 'OTT'), ('TOTES', 'HEELS'), ('SATIATE', 'STREAME'), ('SKATESONTHINICE', 'LALIAUULAEENADE'), ('ARIA', 'ARIA'), ('UNITE', 'SNASA'), ('OTHO', 'EMIR'), ('RATS', 'ALAS'), ('PEPYS', 'ECTEM'), ('NOON', 'WOTA'), ('WEB', 'ARA'), ('HAYS', 'FETS'), ('ACHE', 'ABET'), ('THOR', 'ODIN'), ('RAKING', 'ASALDR'), ('IDOLS', 'ANNES'), ('GORE', 'TACO'), ('ORB', 'ARE'), ('REY', 'YEL'), ('TORRE', 'STEVE'), ('OBOE', 'ESSO'), ('MOOD', 'AURA'), ('ELKO', 'TAOS'), ('OVEN', 'NEYN'), ('CUTEST', 'THRUES'), ('CACHE', 'ERASE'), ('ACTA', 'ACTS'), ('CEDAR', 'STEEL'), ('AMINO', 'AMIWO'), ('SIGNO', 'ESTES'), ('ITU', 'AMA'), ('PEERS', 'HEARS'), ('JOHNS', 'TOTNS'), ('ARETE', 'ELITE'), ('METED', 'EERED'), ('SHINY', 'TURLL'), ('PLEASE', 'AYEVSA'), ('TORN', 'AEEI'), ('CAP', 'NAH'), ('LATHES', 'STREAM'), ('ALII', 'ATEE'), ('ZETAS', 'ELIAS'), ('CATTY', 'OTASE'), ('TSAR', 'HLAA'), ('OKRA', 'EARL'), ('TAIT', 'ELIA'), ('SNIP', 'SLAT'), ('ANON', 'ANEW'), ('TITO', 'MAMO'), ('ECHO', 'EDIT'), ('SUP', 'USE'), ('ONE', 'UNC'), ('EON', 'ERA')]"
2016,SAT,2016-07-02.json,0.16326530612244897,0.0,"[('FOODCOMA', 'LEISXEAS'), ('FATLIP', 'WATCYA'), ('ANDIMOUT', 'OLSTILNE'), ('EROICA', 'ELEVEN'), ('REDVINES', 'CEIEIINA'), ('DIANAS', 'EAAEST'), ('CALE', 'ANNE'), ('ALTE', 'EERS'), ('EDENS', 'NSDIE'), ('ELYSE', 'LAISA'), ('LUGS', 'YENT'), ('SRTA', 'ELEM'), ('DREDGED', 'NSEDAEA'), ('NET', 'EAT'), ('WARRIOR', 'STRETNS'), ('ONELOVE', 'PNDNONO'), ('ALEAST', 'ARAEOE'), ('SAUTES', 'EOERDU'), ('TOPDOGS', 'AAALNEN'), ('PERCENT', 'STRDYOT'), ('ENA', 'ONO'), ('NUMBEST', 'YLETESE'), ('REYS', 'ARTS'), ('TURN', 'SOEN'), ('OTTER', 'DASTT'), ('STALE', 'TEASE'), ('TINO', 'NAAH'), ('ARLO', 'RLEE'), ('KIBOSH', 'ENDERN'), ('BABYMAMA', 'LTOIAEEA'), ('IMLATE', 'YEASTO'), ('EMOTICON', 'EELNBERR'), ('SEENAS', 'ONTHEW'), ('SEEDLESS', 'SRETYPSS'), ('FARCE', 'LOCAL'), ('ONEAL', 'ELENA'), ('ODDLY', 'ISINI'), ('DIVES', 'STEES'), ('CMI', 'XII'), ('OONA', 'ELIE'), ('MUELLER', 'ANNEYES'), ('ATSTUD', 'SEARED'), ('FED', 'WEE'), ('ARIE', 'ALAN'), ('TOADS', 'TEASE'), ('LINERNOTE', 'CVEDLEORY'), ('ICANTEVEN', 'YESIEANDO'), ('PASSATEST', 'ANTEMTOUT'), ('EGGO', 'SNAP'), ('EDISON', 'ANTONY'), ('SENSES', 'TENETS'), ('ROTGUT', 'SNEELS'), ('DEARTO', 'ADORED'), ('WATERSKIS', 'SAAOATEYO'), ('ALONETIME', 'TRANRENEN'), ('REPAYABLE', 'RAAOTADAT'), ('RAD', 'EEL'), ('LUC', 'NED'), ('SMUT', 'NEON'), ('PENNAME', 'SENATER'), ('BRIBES', 'TEALES'), ('SLOAN', 'SSESH'), ('TAMIL', 'ARABY'), ('TRACE', 'SLEEP'), ('ELMOS', 'TEERS'), ('ROANS', 'TEARS'), ('ESTA', 'ERTE'), ('OBOE', 'HOLE'), ('HES', 'NOW'), ('YTD', 'INT')]"
1985,MON,1985-07-22.json,0.19889502762430938,0.0641025641025641,"[('OVID', 'EIIR'), ('LUCCA', 'SALIA'), ('BOG', 'TEE'), ('HIDE', 'STTI'), ('AROAR', 'INERT'), ('ARA', 'ELR'), ('MISSISSIPPI', 'SSSOSYANERE'), ('SAN', 'ANO'), ('TEES', 'TEES'), ('TOYING', 'EEAGNS'), ('MAP', 'MAP'), ('ARR', 'RNE'), ('BASALT', 'STENOT'), ('AREOLA', 'RLCSES'), ('ALIEN', 'EXTRA'), ('HENRI', 'ANNIE'), ('WIEN', 'RETE'), ('GLAD', 'LETA'), ('ATTIC', 'BHOST'), ('IDA', 'INN'), ('PTERO', 'EYLEN'), ('LEAN', 'EASE'), ('TRET', 'SLAT'), ('OZONE', 'VSIAT'), ('OBOES', 'HONES'), ('CLEVER', 'EETORE'), ('SECOND', 'NEDPAD'), ('SRI', 'SRI'), ('ILS', 'TOS'), ('ACROSS', 'OEROEP'), ('SHES', 'ANTS'), ('RIO', 'RIO'), ('SUSQUEHANNA', 'NPSSAENRHAA'), ('GOD', 'ERE'), ('ERECT', 'SETUP'), ('DUES', 'OERS'), ('ONE', 'SNE'), ('SEAMS', 'ORYSA'), ('ENOS', 'NRTS'), ('OHM', 'ESS'), ('VII', 'ITS'), ('IDS', 'ITS'), ('DES', 'RIO'), ('LASER', 'SIAEE'), ('URIS', 'ANNS'), ('COP', 'LEE'), ('CAPTAIN', 'IRRETTE'), ('ARIOSE', 'ATEEER'), ('BASIL', 'TEAGO'), ('ORANT', 'ELNNT'), ('GANG', 'EROS'), ('ITALIC', 'STREET'), ('SERA', 'YENS'), ('YANGTZE', 'ANALYST'), ('MAHAL', 'MRABE'), ('ARETE', 'ALNHA'), ('PENTA', 'PCNOS'), ('BLEAT', 'SXTNT'), ('ORINOCO', 'SISEHDO'), ('AIDES', 'EENAS'), ('WIRED', 'RILED'), ('LEOVI', 'ELIOT'), ('ARNEL', 'TEARO'), ('DOERS', 'ANTES'), ('POLISH', 'EVEISN'), ('TONSURE', 'SNAPPER'), ('BOSSES', 'OPENSO'), ('CREE', 'ERTE'), ('SCION', 'NEIRN'), ('ERODE', 'EROEE'), ('SHUTS', 'SNAPA'), ('ARGO', 'ORES'), ('SQCM', 'ASUS'), ('SEA', 'STY'), ('ADE', 'RON'), ('NUN', 'HER'), ('NEO', 'ART'), ('ASS', 'ASS')]"
2011,THU,2011-09-08.json,0.15544041450777202,0.0,"[('STUERWIN', 'ETUYETAI'), ('SELECT', 'ESAAET'), ('EASTERLY', 'LOCEDIAD'), ('IRONER', 'PRNSSE'), ('TRACTILE', 'SNATIIAA'), ('DENALI', 'HONORA'), ('HEF', 'ASS'), ('YEN', 'TEE'), ('SEMITIC', 'OEEETES'), ('APRESSKI', 'NORONNNE'), ('EEK', 'GEE'), ('WOLFE', 'RTNEN'), ('VERITE', 'ESTATE'), ('PTUI', 'BEEW'), ('AES', 'CIA'), ('CENSE', 'ELATE'), ('MERRYPRANKSTERS', 'IAOSAAAAAASAEDN'), ('AESOP', 'SNUAA'), ('MOS', 'EMS'), ('RASP', 'RENE'), ('TURRET', 'PREALE'), ('KESEY', 'ELDER'), ('IVA', 'ARA'), ('RAISABLE', 'STREETED'), ('NOLIMIT', 'ONEDIDR'), ('BLU', 'ION'), ('JFK', 'EYE'), ('DITTOS', 'SYSTEM'), ('TOODLEOO', 'SESYSSER'), ('ILEAVE', 'AREIAM'), ('AVOGADRO', 'ARABIANO'), ('CARTED', 'EROTED'), ('REMEDIAL', 'GAAARISS'), ('SETH', 'ELSA'), ('TARE', 'TONS'), ('USAF', 'UCAS'), ('ETC', 'YET'), ('RETYPE', 'EDITON'), ('WRIER', 'TIIER'), ('ILLNEVER', 'AAAEOEIA'), ('NYE', 'IDA'), ('SIDEKICKS', 'EPHENAEAS'), ('EREMITES', 'SROEETLS'), ('LONI', 'ANNE'), ('ENATE', 'ASOTG'), ('CELIE', 'ESREE'), ('TRICK', 'TEASE'), ('SSR', 'ONT'), ('AFIRST', 'NEWSUP'), ('SESAMES', 'NSAAELE'), ('WPM', 'RBI'), ('OTEA', 'TEAS'), ('LURE', 'NEON'), ('ENTREE', 'EAARLD'), ('APPRAISED', 'CAAETDMMD'), ('SEAS', 'TEED'), ('ERSE', 'EDNE'), ('YOURMOVE', 'AARSIEAE'), ('NOTABOVE', 'AMEEIERA'), ('SPY', 'NER'), ('RIT', 'ARR'), ('KLUDGE', 'EENYBA'), ('INDIC', 'AOSAE'), ('VOILA', 'RNYRR'), ('ALTER', 'AESEO'), ('BLOOM', 'TOSAA'), ('ITAT', 'DTIT'), ('JEDI', 'ESAI'), ('FORA', 'YENS'), ('KOOL', 'EROS'), ('TAR', 'SAG'), ('LAD', 'SIR')]"
1978,MON,1978-04-17.json,0.13114754098360656,0.02631578947368421,"[('GAS', 'ROD'), ('DIANA', 'ELDER'), ('MESA', 'NEON'), ('ALTO', 'ALTO'), ('ENDED', 'STOLE'), ('ODER', 'ERIE'), ('BEER', 'TACO'), ('PELEE', 'OMAII'), ('OGLE', 'SLIM'), ('SPINOZA', 'HERRINE'), ('ORALS', 'EXAMS'), ('HEAT', 'SLAP'), ('IRONER', 'ASTXCS'), ('SCENTS', 'GETSIN'), ('EIRE', 'ELAA'), ('LAP', 'OAK'), ('TONTO', 'ELTON'), ('SOBS', 'AOPM'), ('ELI', 'ARI'), ('ALAS', 'IDEA'), ('RATTY', 'EVADE'), ('VEIN', 'OREO'), ('MOD', 'TIE'), ('MADE', 'AREY'), ('SIMON', 'ELENA'), ('PRO', 'APE'), ('AVIV', 'ATAI'), ('MANANA', 'ENEROS'), ('URSINE', 'SLEEDY'), ('OATS', 'TACO'), ('ARGOT', 'TENET'), ('NARRATE', 'RECURGE'), ('BOLA', 'ARCO'), ('CISCO', 'TNAAA'), ('GEVA', 'ELSA'), ('EDAM', 'EDAM'), ('ADORN', 'EEOVL'), ('ERIN', 'ABET'), ('TESS', 'NEMO'), ('BONES', 'EEIEN'), ('SLY', 'IRE'), ('GAB', 'RAT'), ('ALES', 'OLAH'), ('STEPHENADOUGLAS', 'DTCESTTEEESNCAM'), ('DEPOTS', 'ESOIPN'), ('INEZ', 'LTMN'), ('ADLAIESTEVENSON', 'DOAEAEAAYIYRAOI'), ('NEE', 'ELI'), ('ADE', 'REI'), ('MOORE', 'NESXC'), ('EDGARLEEMASTERS', 'ERLASOAREROGLBI'), ('SELL', 'OIIM'), ('ARES', 'NEMS'), ('ORIENTS', 'OORLSOA'), ('NATO', 'RAIN'), ('ONES', 'EXAM'), ('RIOT', 'SLOD'), ('ORBY', 'TAPE'), ('STAMP', 'GEITA'), ('COLOR', 'ELDIP'), ('ALION', 'ARENO'), ('PINNA', 'KIOAS'), ('RAVI', 'ERTE'), ('ADIN', 'VEAD'), ('VINTAGE', 'OLECREA'), ('MAST', 'AAET'), ('SAAR', 'ENAU'), ('MORONS', 'ETCALN'), ('ROAMS', 'LEOMO'), ('ABET', 'TAEN'), ('RODE', 'ERDE'), ('ACRE', 'EAVE'), ('EVIL', 'ESER'), ('CAB', 'TEE'), ('IDO', 'NEE'), ('ANY', 'ATE')]"
1979,FRI,1979-03-09.json,0.21693121693121692,0.013513513513513514,"[('SOHO', 'STHE'), ('LASS', 'OAAA'), ('LAPEL', 'TACOI'), ('ABEL', 'NEEO'), ('ESPY', 'NRRA'), ('ENAMI', 'ASIAN'), ('LORY', 'AART'), ('ASAN', 'EAEA'), ('TERMS', 'ACTAS'), ('TERMAGANT', 'PLRRAMBAA'), ('INSET', 'SHORT'), ('PLUM', 'EVAI'), ('HATTERS', 'STEWERS'), ('LABILE', 'SNAKEN'), ('SERB', 'EROS'), ('INLAY', 'ENTER'), ('PASTERNAK', 'ELECTOEAR'), ('STUN', 'SNAP'), ('ELLIS', 'ELBAN'), ('EDGE', 'ELSA'), ('PERSONALS', 'PERSONIAL'), ('SCARY', 'OEAIH'), ('PITY', 'ANON'), ('STUKAS', 'ELRLAS'), ('OBTRUDE', 'EXTRADE'), ('BOOM', 'CSGA'), ('CORAL', 'XLEAN'), ('LULLABIES', 'SORSAMERS'), ('CRANE', 'ELAJA'), ('ESAU', 'ESEA'), ('ETCH', 'SLOP'), ('UNPEN', 'RURAL'), ('TINT', 'AHDY'), ('NERO', 'ARES'), ('RESET', 'TPSHA'), ('SAKE', 'NAIS'), ('TAUT', 'TEED'), ('SALT', 'SNAP'), ('OBOE', 'TEAL'), ('HERR', 'HERR'), ('OLYMPIANS', 'EOTREKEPS'), ('LEAGUE', 'ONEMAN'), ('ASSAM', 'ARABI'), ('SPAN', 'AREA'), ('SYNTHESIS', 'AAAASREAL'), ('LETITBE', 'TAASEST'), ('ANENT', 'ASCHW'), ('PARSE', 'CITOE'), ('EMMER', 'OAARR'), ('LISTS', 'INSTS'), ('ALLY', 'AVER'), ('ARTS', 'TOCN'), ('LISP', 'SESP'), ('ANTE', 'NNNE'), ('BLUR', 'ATAR'), ('SALLY', 'ELBAN'), ('PLATELETS', 'ELIOESEAN'), ('RECUMBENT', 'OEERAMSAT'), ('NDAK', 'ELAL'), ('AGRA', 'ASIA'), ('KEYS', 'RAHS'), ('ENID', 'ENND'), ('OPULENT', 'OAANALA'), ('STOA', 'OLGA'), ('SOLUTE', 'ESSAYS'), ('OCCUR', 'EXERT'), ('BORNE', 'XLLUP'), ('TRAPS', 'TEARS'), ('RANEE', 'RAJAH'), ('BLANK', 'CREDI'), ('USIA', 'OSHA'), ('ITEA', 'ELRE'), ('ECRU', 'ROEE'), ('SHOT', 'SPSD')]"
2010,THU,2010-07-01.json,0.13812154696132597,0.0,"[('EGGS', 'TEED'), ('ETS', 'USS'), ('GROUND', 'STSAHC'), ('EASY', 'EEPN'), ('LEI', 'RIA'), ('LONDON', 'NAERAS'), ('GRAB', 'LLAR'), ('YAK', 'OAT'), ('OTTAWA', 'ENTAHI'), ('ADS', 'SEO'), ('HAW', 'SEE'), ('ALA', 'TBA'), ('DECRIED', 'RESENTE'), ('DEEPLY', 'HEAOYH'), ('UPRIVER', 'AWAYOUT'), ('HDL', 'LDL'), ('COATI', 'TITAN'), ('ONE', 'STY'), ('ERECT', 'PSLSS'), ('ACTED', 'START'), ('PAR', 'YES'), ('COPRA', 'EEOTT'), ('THESE', 'YESES'), ('ONE', 'EAR'), ('TACIT', 'ANCOE'), ('URU', 'ENG'), ('NOISOME', 'AYLSARE'), ('SNAPAT', 'ASSURE'), ('TROTTER', 'AOOOLED'), ('PAT', 'RAW'), ('TSK', 'TEE'), ('SNL', 'RNN'), ('PIUSII', 'OANAAG'), ('UZI', 'LAK'), ('AMIE', 'GONR'), ('ARREST', 'ARTIST'), ('RON', 'BII'), ('MIND', 'ONEA'), ('YOUARE', 'RAAERR'), ('TOO', 'ARE'), ('BODY', 'EOBE'), ('EEG', 'TEL'), ('GAR', 'EEL'), ('GSA', 'EPA'), ('SYBARITES', 'DNRSEYARE'), ('ELYSEE', 'UROOTU'), ('TEA', 'SIA'), ('SIKH', 'SATS'), ('GLOWED', 'SNEEED'), ('ROT', 'TAN'), ('ONTAP', 'SETTO'), ('UDALL', 'ARABY'), ('NOWAY', 'HAHAH'), ('DNA', 'CSI'), ('DIVIDEUP', 'ENONTSEU'), ('ADHERENT', 'EHLYSRAA'), ('DUCAT', 'RATSY'), ('EPOCH', 'EWITE'), ('CRATE', 'SATAS'), ('DROPOUTS', 'ETSYEGEE'), ('ELECTION', 'ALPEALON'), ('NAN', 'TEA'), ('ROASTLAMB', 'SENSONGOE'), ('EPCOT', 'LOCAL'), ('CRIME', 'STORE'), ('TATER', 'STEED'), ('RATITE', 'NRTGTR'), ('ORSINO', 'YORKIE'), ('SPIRO', 'ARARA'), ('NAURU', 'SANTA'), ('ATSEA', 'SWAIE'), ('KURT', 'ELBA'), ('PAY', 'OAR'), ('ISR', 'ASR'), ('ZOO', 'AIR'), ('MIO', 'ONO'), ('IND', 'NEB'), ('EDY', 'RAE')]"
1982,FRI,1982-01-08.json,0.14136125654450263,0.013513513513513514,"[('CUFF', 'AXLE'), ('PORTO', 'TARAA'), ('BREA', 'EAOY'), ('AXLE', 'AXLE'), ('INION', 'EARLY'), ('LORD', 'ANNE'), ('MOON', 'HOLE'), ('SCOREBOARD', 'ARAPASANES'), ('PRODUCED', 'ELEGATED'), ('TENDS', 'ANTES'), ('RENE', 'RULE'), ('EARED', 'TAXON'), ('APPRISE', 'APPEARE'), ('MARIMBA', 'ELBVAEE'), ('BALSA', 'EDGAR'), ('MARC', 'NEIL'), ('EOAN', 'EVIL'), ('ETA', 'ODE'), ('THELIKE', 'INTERNI'), ('RID', 'USE'), ('ARNO', 'ELBA'), ('INIT', 'ASST'), ('STERE', 'OTEEN'), ('MISUSED', 'EROTTED'), ('ACTIONS', 'CSNAALA'), ('TORSO', 'TAXIE'), ('HERR', 'EINE'), ('PADUA', 'AOEPL'), ('OVERALLS', 'EALCAATD'), ('DOORPRIZES', 'RRNNEIARXF'), ('DEUT', 'OBOE'), ('OONA', 'AIED'), ('CREST', 'EDIEL'), ('ESNE', 'AREA'), ('CLEW', 'EALE'), ('HASTY', 'TAELY'), ('SSGT', 'USSR'), ('CAMP', 'AAHE'), ('UXOR', 'XXOL'), ('FLOORPLANS', 'LLLERPGEBO'), ('FENDERS', 'EEEGUEA'), ('PISCES', 'TEATER'), ('ONCE', 'AARE'), ('RIODE', 'RRADT'), ('TOR', 'ALP'), ('ONETRACK', 'AYAAXLLN'), ('BLONDIE', 'EAATNVE'), ('ROAD', 'ANNE'), ('ERRS', 'ONES'), ('ADD', 'YES'), ('BEER', 'SNOB'), ('UNIAT', 'ALARI'), ('AMRITA', 'AEIRTC'), ('ABEAM', 'AEOEE'), ('PATRI', 'PDDLR'), ('EMENDS', 'ENTSDI'), ('MOREORLESS', 'AVUEAEABRS'), ('BAIRN', 'EISEL'), ('ANDES', 'ELENA'), ('ALI', 'EES'), ('HIERARCH', 'NAEXLIET'), ('ESTER', 'IONIC'), ('OUTDRAW', 'ATTENDE'), ('TIRADES', 'TANAOAU'), ('SOUP', 'TAPE'), ('CHESTY', 'SELFLY'), ('OOZES', 'EERIE'), ('POOL', 'ARIA'), ('AONE', 'ONEL'), ('VEST', 'AXEL'), ('LUNG', 'TOES'), ('STET', 'DEAR'), ('DOC', 'RAE'), ('IRA', 'ADA')]"
2005,FRI,2005-05-13.json,-1.0,-1.0,WRONG
1985,FRI,1985-11-29.json,0.14507772020725387,0.013888888888888888,"[('TAROT', 'TEASE'), ('STOAS', 'SASRS'), ('STR', 'SST'), ('ABOVE', 'IXCAN'), ('PULSE', 'TLHYT'), ('WOO', 'SUE'), ('BETELSANDHAZELS', 'EIEATTEEEEROAAE'), ('STARLETS', 'STSAIAES'), ('HEELS', 'ELITE'), ('SETS', 'ERRS'), ('FLOUT', 'TBAGE'), ('AMPERE', 'TERREX'), ('HEIRSHIP', 'YERMATSE'), ('DIRE', 'RUIN'), ('LOESS', 'TEASE'), ('ENA', 'TIA'), ('ACORNSANDPECANS', 'HIARSTEARTRHELT'), ('MAS', 'ENL'), ('ELIAS', 'TEANS'), ('ORES', 'ORES'), ('SHOPWORN', 'AHANRAMG'), ('CENTRE', 'SSSENT'), ('DOSES', 'SEELS'), ('MONA', 'ANNA'), ('APISH', 'OEAAE'), ('MALAMUTE', 'OEOAAMHE'), ('CASHEWSANDCOLAS', 'MLATTIDRRWCAAEL'), ('RUT', 'ASH'), ('NITRO', 'SDEAR'), ('TRAPS', 'TALES'), ('ELS', 'TAS'), ('STEER', 'XEINA'), ('SENSE', 'TRIPE'), ('TABS', 'TIES'), ('ABET', 'EXIT'), ('ROTA', 'ACES'), ('OVERSEER', 'SAAAERNR'), ('TELLER', 'ENTIRE'), ('SPATS', 'STEES'), ('TUNS', 'ALES'), ('OLD', 'SHE'), ('ASH', 'RYE'), ('SEAHORSE', 'STREAMER'), ('SWEETHEART', 'SSAIETTERE'), ('TOLL', 'SUAT'), ('ROSS', 'TEEE'), ('SETE', 'TARX'), ('ZEUS', 'OLGA'), ('FEEDS', 'TEARS'), ('LISP', 'BRST'), ('ADAMS', 'TRHEA'), ('MICAH', 'EUINH'), ('PROSODISTS', 'RIALASAAHS'), ('HONAN', 'YEANG'), ('INNER', 'SILEN'), ('PASSE', 'EATST'), ('LAIRS', 'TEAMS'), ('NEWSHENS', 'STREETSX'), ('SLOE', 'TEAL'), ('CONAMORE', 'HOSAAAAR'), ('POSH', 'NEAT'), ('COLD', 'SNOW'), ('ENACTS', 'SNACTT'), ('MANOR', 'AERRA'), ('ACRE', 'OMAT'), ('PAUL', 'ELSA'), ('MARE', 'ORAN'), ('ULAN', 'MALI'), ('TAPS', 'HEEP'), ('ESSE', 'ELSE'), ('WIT', 'IDE'), ('STE', 'DEI')]"
2010,THU,2010-09-30.json,0.08947368421052632,0.0,"[('MRSPOCK', 'EASHOUS'), ('STACY', 'ANNIE'), ('DECOROUS', 'RPTAPPTA'), ('MACRAE', 'YORKIE'), ('IWOULDNT', 'APRTUSRR'), ('UTURNS', 'ERASES'), ('RTE', 'EES'), ('GODLY', 'EVADE'), ('OTB', 'EST'), ('BEES', 'TEAS'), ('IFIWEREYOU', 'PERSONALON'), ('ALP', 'YSM'), ('BRUCE', 'ELTON'), ('ROOT', 'AREA'), ('REAMER', 'STEELS'), ('SERAI', 'ARABY'), ('BADIDEA', 'OERLIIY'), ('BACKOFF', 'YBSYESR'), ('LEGGS', 'EDSEL'), ('TOAMAN', 'UNSOLE'), ('ELBA', 'ERIN'), ('OHWOW', 'SLESI'), ('NUM', 'REL'), ('THINKAGAIN', 'SAAATENEME'), ('MINA', 'SOIO'), ('RAS', 'ERS'), ('ACORN', 'SNORE'), ('HOV', 'ETA'), ('ASTERN', 'AFTERY'), ('DONTDOIT', 'VRSXAAEE'), ('DAREME', 'YESIDO'), ('SUBMERSE', 'EGTEREDV'), ('ENOLA', 'ANNIE'), ('TALLEST', 'EACTAUE'), ('MDI', 'ERA'), ('REW', 'APP'), ('SCOREPAD', 'STREAMER'), ('POUTS', 'HATES'), ('ORLE', 'OPUS'), ('COD', 'UPS'), ('KUNGFU', 'STREET'), ('SATYR', 'AOREN'), ('TCU', 'NRA'), ('ARROYO', 'NKSELR'), ('CANTOO', 'IIESOE'), ('YESBUT', 'EESTNA'), ('STOICS', 'ARVROA'), ('MULE', 'YEDO'), ('DWEEB', 'ASNRY'), ('BARB', 'TYSO'), ('ELEA', 'ESTE'), ('IRREG', 'PLSIS'), ('ERIKA', 'AAYYS'), ('BEDE', 'ELID'), ('MILAN', 'ELENA'), ('RATON', 'ABUSE'), ('ACOW', 'BSNI'), ('AGOGO', 'YESNO'), ('OMNIVORE', 'EOROAAEA'), ('FAUN', 'SLEI'), ('FNMA', 'RELO'), ('SHARDS', 'LLERVE'), ('ETRADE', 'ESEAYA'), ('LHASAN', 'RARFEN'), ('BISTRO', 'IASTSN'), ('WINOUT', 'EMERGE'), ('KARMA', 'TSRDE'), ('ACNE', 'ENYO'), ('MODEL', 'START'), ('HTML', 'EXEC'), ('EEL', 'EII'), ('NBA', 'STA'), ('ISS', 'EDU'), ('TET', 'EVE')]"
1978,FRI,1978-03-31.json,0.18032786885245902,0.013513513513513514,"[('LASS', 'HASR'), ('INTO', 'ASSN'), ('MAST', 'SLAT'), ('GALOP', 'TOFTO'), ('CARR', 'NETO'), ('OBOE', 'HOBO'), ('AMOUR', 'ANAEN'), ('ABOO', 'NEER'), ('DUNE', 'EDEN'), ('FIFTEENSONNETS', 'POIECHASETNSNS'), ('FATHER', 'ERRLEO'), ('POUR', 'SHEP'), ('SIDS', 'ANTS'), ('ENDUE', 'WTEAO'), ('ABAA', 'ALES'), ('CUTE', 'RARE'), ('VIOLA', 'ELXXD'), ('SIXBAKERSDOZENS', 'SOWAARPASARAALI'), ('IRIDS', 'IOEAR'), ('LISI', 'ELTA'), ('ERAT', 'AMEN'), ('ALSOP', 'APSAA'), ('PETS', 'HOES'), ('MEAT', 'HBON'), ('TIRADE', 'HLAAEE'), ('THIRTYTWONINES', 'LGAYNEEEAENNSL'), ('ROAN', 'NYON'), ('ALMA', 'EIXA'), ('GLINT', 'ELITE'), ('ELIA', 'ERIC'), ('LEAK', 'SLAV'), ('LELIA', 'VISEA'), ('DULL', 'DENE'), ('ERNE', 'OAME'), ('EYES', 'TEES'), ('LAMIA', 'HONOR'), ('ALOFT', 'AFAIR'), ('SOUTH', 'STEEL'), ('SPREES', 'RONCEA'), ('ICAN', 'ANNA'), ('NABS', 'SEES'), ('TROOP', 'STEES'), ('ORONO', 'NORTH'), ('MODERNIZE', 'SHESPTLAA'), ('ABUT', 'LODN'), ('SONS', 'ABES'), ('TEE', 'TON'), ('GAFF', 'TAPE'), ('ERICK', 'HONRR'), ('NUEVO', 'NEWER'), ('DUEL', 'TAPE'), ('STRIP', 'SRALH'), ('DOER', 'EXAM'), ('ULNA', 'AXLE'), ('EAST', 'ODIN'), ('ASIA', 'ASIA'), ('BIRL', 'LOOP'), ('AXIS', 'EWES'), ('ABDOMINAL', 'SAAAHANCE'), ('ESSE', 'ESTO'), ('ASPER', 'ARABY'), ('DITTO', 'AAEHA'), ('SINGLE', 'SLEEVT'), ('ATALE', 'ONESO'), ('TYLER', 'NEILA'), ('RILEY', 'ANLIE'), ('ANILE', 'ANISE'), ('DENIS', 'ESTES'), ('ESTA', 'ELEA'), ('TOLU', 'LYRE'), ('HAIL', 'GOIN'), ('TMAN', 'EXAM'), ('WAKE', 'EAVE'), ('RED', 'NED')]"
2005,SAT,2005-12-24.json,0.14358974358974358,0.014705882352941176,"[('THEJUNGLE', 'SSSSATSSE'), ('ARABS', 'AMAMS'), ('VEXATIOUS', 'NNELRELLX'), ('RICOH', 'CEMOR'), ('GRAPENUTS', 'AERAADEAA'), ('CORBY', 'ERICA'), ('ABLE', 'PEBP'), ('GEES', 'ETME'), ('OSS', 'CIA'), ('MIL', 'EZI'), ('PRESSUP', 'AAPSSLS'), ('BAT', 'MRI'), ('EEYORE', 'DEAETR'), ('LESAGE', 'ELEVAN'), ('MIDDLELETTER', 'STABSEVALAAA'), ('MALECHAUVINISTS', 'ASTMEBAAVAPIAAA'), ('THINKINGEVIL', 'RLEESISGENIT'), ('CONSUL', 'AEANTA'), ('ANTONY', 'TNEEYT'), ('AYE', 'YES'), ('PLATING', 'ONKEAEG'), ('PIE', 'TEE'), ('RMS', 'RTS'), ('SCAD', 'SOLB'), ('VEGA', 'TAAA'), ('MAORI', 'AESOE'), ('CLIPPINGS', 'RTAEAELSE'), ('ETUIS', 'NRIRC'), ('ROOSEVELT', 'EOTRLEOTR'), ('LETGO', 'TENET'), ('ANTIPODES', 'ANEAEDNOS'), ('TVGAME', 'SNAPED'), ('HERBIE', 'SNEEZE'), ('EXALLY', 'SERBIA'), ('JAPE', 'SLAP'), ('UTE', 'ARA'), ('NIN', 'TED'), ('GOUGE', 'SLEEP'), ('LUTES', 'SLATS'), ('ESSES', 'EXAMS'), ('ARC', 'ACE'), ('RIO', 'MER'), ('ACROBATS', 'AMICMVAA'), ('BOBSAGET', 'MOCIRAAA'), ('SHYSTERS', 'SRAAINAA'), ('SULLIVAN', 'ELEVANTE'), ('PRICKUP', 'ATTESTO'), ('REDHILLS', 'ARABIANS'), ('PEENING', 'SLAPING'), ('OMENS', 'ESMEN'), ('STILT', 'ELITE'), ('DAN', 'BAS'), ('LUG', 'SAG'), ('EVE', 'EVE'), ('MTCARMEL', 'ARAYRANT'), ('AHOYMATE', 'SLEETERE'), ('LINESOUT', 'TEASSSIN'), ('OPENED', 'ETALON'), ('NIGGLE', 'YEASTO'), ('YEASTS', 'TEAERS'), ('ACCRA', 'KOREA'), ('TALON', 'ELTON'), ('IDIOT', 'ABATE'), ('VIVO', 'TEED'), ('RIG', 'ORE'), ('ISO', 'ECT'), ('PSI', 'ERA'), ('PEP', 'ALE')]"
1977,THU,1977-06-02.json,0.11891891891891893,0.0,"[('BADGE', 'ETNER'), ('ODOR', 'STUS'), ('BARI', 'PANA'), ('SPIES', 'TEENS'), ('LORE', 'AAET'), ('LIES', 'ORES'), ('CENTS', 'HAIES'), ('GOLDMEDAL', 'RPAEORIET'), ('ROSEMARYCASALS', 'LLSANAEUWASARS'), ('USA', 'AGE'), ('ADS', 'ERA'), ('BLIP', 'HEEO'), ('REMAP', 'PTTER'), ('IDO', 'NEE'), ('ROC', 'ELS'), ('ANDOR', 'LAEAL'), ('SNORE', 'EATAT'), ('EVONNEGOOLAGONG', 'AETAELNTIRRLIAE'), ('DEMON', 'LNEAE'), ('ASSAY', 'EEOAR'), ('NOG', 'ORA'), ('REV', 'AEE'), ('CREED', 'STRTN'), ('SETS', 'RUES'), ('EAR', 'ERA'), ('ESP', 'ICE'), ('BILLIEJEANKING', 'LETSRNELANLYER'), ('RAILROADS', 'ORIAETLON'), ('IRENE', 'ELEVY'), ('AGRA', 'BSTA'), ('LINO', 'AABN'), ('DINAH', 'ELITE'), ('GOES', 'EROS'), ('ELAN', 'SNEE'), ('STEWS', 'TEARS'), ('BSC', 'ETH'), ('APER', 'TEAL'), ('DINO', 'NEIL'), ('GETSUP', 'ENESAO'), ('ESSES', 'RSSAG'), ('OLGA', 'SARA'), ('DOOR', 'TAPE'), ('ORLY', 'UEAU'), ('REDCAP', 'STEWER'), ('BLESSING', 'PORSANAL'), ('AIDA', 'ARIA'), ('REAL', 'NEER'), ('ISLS', 'ASTS'), ('MAD', 'OAR'), ('MARNE', 'NEPAL'), ('BRED', 'HEAL'), ('LOVER', 'ELENA'), ('ICOME', 'ESTEE'), ('EDGAR', 'TENET'), ('MOOSE', 'TATER'), ('AROSE', 'ELIOT'), ('DOONE', 'ETIOU'), ('ORNOT', 'EAARE'), ('ANN', 'LEE'), ('SAY', 'ERR'), ('EGGS', 'TEAS'), ('NOVELLAS', 'AAEESAAS'), ('LADEN', 'RANIN'), ('CREOLE', 'SANTAS'), ('SPIRIT', 'REYLLE'), ('AIR', 'RRE'), ('SKIDS', 'CLEET'), ('BRAG', 'LOBE'), ('IAGO', 'ERSR'), ('LIRE', 'TITO'), ('JAIL', 'ELAN'), ('EDNA', 'LOBE'), ('ASON', 'ANNE'), ('NENE', 'EEIA'), ('GNAW', 'RVTR'), ('EHS', 'YES')]"
1982,FRI,1982-11-26.json,0.21621621621621623,0.06756756756756757,"[('BASH', 'HOPE'), ('TRIGO', 'BRANO'), ('KIPS', 'TEES'), ('ERIE', 'ERIE'), ('HELEN', 'SARAH'), ('IDEA', 'RULE'), ('DELA', 'LOIS'), ('EVENT', 'AFIRE'), ('NOLI', 'AUTR'), ('SALVAGE', 'ENTRANC'), ('TOGGLED', 'STCASAD'), ('ETAL', 'ETAL'), ('SPUD', 'EXAM'), ('STONER', 'STEWER'), ('ONONES', 'STREET'), ('CAPO', 'TAPE'), ('DAYOF', 'HONOR'), ('MONO', 'ETRI'), ('ATEN', 'EROS'), ('EVICT', 'ELECT'), ('OTTO', 'OAAE'), ('MARL', 'EDDY'), ('NINTH', 'ODETS'), ('FRET', 'ATSR'), ('PRAYTO', 'YESETE'), ('ETHERS', 'TEASES'), ('KEFS', 'YENS'), ('TWEE', 'SDTA'), ('STANDEE', 'SEAEDEN'), ('ROMANCE', 'TAIAEEA'), ('POLO', 'LDRS'), ('DATER', 'RTEEO'), ('VERA', 'EDNT'), ('ANEW', 'AIIY'), ('ETHEL', 'ALTAR'), ('EROS', 'ARIA'), ('TEES', 'PTDE'), ('NOEND', 'AYEKA'), ('NOPE', 'NEAT'), ('BEDS', 'HELE'), ('AREA', 'ORON'), ('SILL', 'PIIT'), ('HEAVENONLYKNOWS', 'EESREWESYEYESYE'), ('THEGARDENOFEDEN', 'BSANARHEOENERAA'), ('REVEL', 'RAFCL'), ('ILE', 'ARI'), ('GENTS', 'NARSE'), ('ONTOPOFTHEWORLD', 'OHETXSRTSTDAORA'), ('KINGDOMOFHEAVEN', 'TRAAMREOAAAAEAN'), ('IDOL', 'EUUS'), ('PELE', 'ELTA'), ('SAID', 'SERD'), ('ATE', 'ATE'), ('GUN', 'CAT'), ('SCAMP', 'STEEY'), ('TATAR', 'TARDE'), ('OPERA', 'EPODS'), ('NOTRE', 'ETATS'), ('ENTER', 'ERASE'), ('SOOTS', 'TIERS'), ('AVI', 'OLD'), ('YIN', 'NEE'), ('OCT', 'OCT'), ('TED', 'TED'), ('TEM', 'ETI'), ('SEATO', 'SNTLY'), ('TREEN', 'STEAK'), ('SPAT', 'SLAP'), ('TONE', 'EDIT'), ('ALEE', 'ARID'), ('NERO', 'EDRE'), ('CROP', 'ENIA'), ('EASE', 'ATAT'), ('THE', 'ETE')]"
1997,MON,1997-01-20.json,-1.0,-1.0,WRONG
1999,SAT,1999-02-06.json,0.12307692307692308,0.013513513513513514,"[('SNEEZED', 'SNEEIED'), ('ALLSTAR', 'ETELYLE'), ('PAVLOVA', 'ELEGANT'), ('SIAMESE', 'NATIVEX'), ('IVEBEEN', 'ATTENDS'), ('ALMAATA', 'ANALYST'), ('NANA', 'OGRE'), ('CAP', 'LIE'), ('ERROR', 'LOOSE'), ('DJS', 'MEN'), ('ACER', 'LANK'), ('INMORE', 'TRIBLE'), ('LOU', 'ALE'), ('RADIANT', 'NEONATE'), ('SIN', 'END'), ('ESPIES', 'STREET'), ('SAM', 'RAE'), ('HEAD', 'HOLE'), ('LAPSTHANA', 'TNNRAAEAA'), ('JARS', 'EYAS'), ('IDO', 'YAY'), ('TOSSES', 'LYSSAA'), ('ARI', 'LEN'), ('MAITRED', 'YTFNOTE'), ('UNA', 'RIO'), ('NAPKIN', 'EANAEA'), ('LOSS', 'EASS'), ('SMU', 'RIO'), ('ACTOR', 'NSENA'), ('HEM', 'ETA'), ('SPAN', 'EWES'), ('CHORALE', 'ITYASRD'), ('MAEWEST', 'STEELER'), ('ENRAGED', 'NEEITAI'), ('EXPANSE', 'AETACKE'), ('KENNEDY', 'OESSONE'), ('LEANDER', 'HEROIST'), ('SPINDLE', 'SEAOMAS'), ('NAVAJOS', 'NLTGELT'), ('EVENSUP', 'EETRNER'), ('ELBA', 'EGEE'), ('ZOE', 'IAN'), ('EVE', 'END'), ('DANCED', 'DTSLNO'), ('ASAP', 'ENAE'), ('LIL', 'TAN'), ('LAMENT', 'ETALRE'), ('SMARM', 'LILOI'), ('TEAROSE', 'YVYOBEO'), ('ASTORIA', 'LESSLNL'), ('REAREND', 'EXTEEDE'), ('ARISTOTLE', 'IKNRAYNET'), ('AREA', 'LNEN'), ('CASPIAN', 'AETNYTA'), ('INMATES', 'TTEELTS'), ('AAH', 'AAA'), ('ILS', 'ETS'), ('HAS', 'HAS'), ('SDI', 'RAF'), ('NODS', 'AYES'), ('JANACEK', 'ELENINO'), ('ARACHNE', 'YEASTEE'), ('RIPTORN', 'ANNEYES'), ('SUSPEND', 'SRRWLCI'), ('ENMASSE', 'AIIEEKS'), ('SAUNTER', 'AOOSRET'), ('MIRAGE', 'YEASTO'), ('ROMMEL', 'OAASAH'), ('KORAN', 'ANAIS'), ('HEDY', 'EDIE'), ('SWAN', 'EEAO'), ('LED', 'RAN'), ('AXE', 'TEE'), ('EPA', 'ETR')]"
1990,THU,1990-06-07.json,0.18716577540106952,0.013513513513513514,"[('IOWA', 'ERIE'), ('ELUL', 'NSUE'), ('SADH', 'SHIB'), ('OMITS', 'HATES'), ('LISA', 'ANNE'), ('ELIA', 'ALIA'), ('TANTO', 'TOOFY'), ('MASONCITY', 'IAOAARAOA'), ('ANTERIOR', 'ENTREELG'), ('TERETE', 'NEONIC'), ('ENDS', 'ARES'), ('HIDENOR', 'STREAMY'), ('CORDIAL', 'ESEEPER'), ('OAST', 'AREA'), ('ALS', 'RLS'), ('DRAGON', 'AIREAG'), ('ESSE', 'AGEE'), ('PEEP', 'LOOA'), ('NEV', 'ARI'), ('DIAL', 'AXEL'), ('POTS', 'EPAR'), ('DOTERS', 'AERASS'), ('OPS', 'OLS'), ('AYES', 'TANS'), ('REABUSE', 'RLRSRSE'), ('WALLACE', 'DEBICTA'), ('ILEX', 'OLLO'), ('ANITRA', 'ASLCTI'), ('DENTICLE', 'OEPSEESE'), ('DAVENPORT', 'RSELSCMAL'), ('AGIOS', 'FETLS'), ('EGER', 'EASE'), ('ORAN', 'AATS'), ('SETIT', 'LKAAT'), ('DENS', 'DYSS'), ('DATA', 'NNHA'), ('SYNE', 'SAWA'), ('IOTA', 'EHTE'), ('OMAN', 'RAON'), ('WINTERSET', 'ITOTAESOA'), ('ATTEND', 'EEFRRE'), ('ELMO', 'NAIL'), ('LIAR', 'SNAG'), ('USS', 'UNO'), ('LAOTIAN', 'EEANTRG'), ('SECRETED', 'SAROEAAA'), ('ALIEN', 'HLANA'), ('DITTO', 'IIOIM'), ('HAYER', 'BAACY'), ('SORDID', 'SYEEPA'), ('NEDS', 'AERE'), ('ISAR', 'ESEI'), ('HOOVER', 'SAAIAR'), ('CAPP', 'ERLE'), ('OLEO', 'SLOP'), ('LANOSE', 'RRAESA'), ('GET', 'ERR'), ('SIOUXCITY', 'GXOROETAA'), ('SAPS', 'EELS'), ('ELSE', 'ELSE'), ('PSALTERS', 'ARTICLES'), ('DECAPOD', 'ANTICAN'), ('REIN', 'SLOP'), ('SALTAS', 'SRLSFL'), ('YARN', 'ACTS'), ('BEIGES', 'SLEEKS'), ('WADED', 'DARED'), ('ANAGE', 'ESSAY'), ('LIVEN', 'BLESS'), ('DRAT', 'OATH'), ('ETNA', 'ELSA'), ('LOIN', 'SLAW'), ('ESTE', 'ESTA'), ('ORA', 'MAN')]"
